id,name,account,owner,owner_id,segment,source_channel,stage,amount,arr,created_date,close_date,is_closed,is_won,lost_reason,raw_stage,type,forecast_category
MOH-001,Harborline Bank - Control plane expansion,Harborline Bank,Ananya Krishnamurthy,AE-SE01,Strategic Enterprise,ae_self_gen,Closed Won,3800000,3800000,2025-12-18,2026-04-17,true,true,,Closed Won,expansion,Closed
MOH-002,Great Basin Freight - Fleet telemetry renewal,Great Basin Freight,Victor Chen,AE-E20,Enterprise,inbound,Closed Won,1850000,1850000,2026-01-06,2026-04-28,true,true,,Closed Won,renewal,Closed
MOH-003,Covenant Grid Services - Secure operations cloud,Covenant Grid Services,Reginald Tannen,AE-SE02,Strategic Enterprise,outbound,Negotiation,6400000,6400000,2025-10-20,2026-06-30,false,false,,Negotiation - Vendor Risk,new_business,Commit
MOH-004,Arcturus Freight Network - Global rollout,Arcturus Freight Network,Nina Kowalski,AE-E01,Enterprise,outbound,Business Case,3200000,3200000,2025-11-17,2026-06-18,false,false,,Business Case - Procurement,new_business,Best Case
MOH-005,Palisade Water Authority - Telemetry platform,Palisade Water Authority,Ananya Krishnamurthy,AE-SE01,Enterprise,ae_self_gen,Technical Evaluation,1450000,1450000,2026-04-09,2026-08-21,false,false,,Technical Evaluation - ABM,new_business,Pipeline
MOH-006,Meridian Retail Group - Regional hub,Meridian Retail Group,Lucia Barrett,AE-E35,Enterprise,outbound,Closed Lost,980000,980000,2026-01-15,2026-03-31,true,false,Lost on price to LedgerFox,Closed Lost,new_business,Closed
MOH-007,North Coast Health Systems - Risk fabric,North Coast Health Systems,Octavia Nguyen,AE-SE04,Strategic Enterprise,outbound,Negotiation,2900000,2900000,2025-12-02,2026-05-15,false,false,,Negotiation - Vendor Risk,new_business,Commit
MOH-008,Riverport Logistics - Field bundle,Riverport Logistics,Indira Vasquez,AE-M01,Mid-Market,inbound,Closed Won,310000,310000,2026-02-08,2026-04-07,true,true,,Closed Won,new_business,Closed
MOH-009,Copper State Utilities - Starter rollout,Copper State Utilities,Theo Mercer,AE-M28,Mid-Market,ae_self_gen,Qualification,240000,240000,2026-04-22,2026-06-27,false,false,,Qualification - ABM,new_business,Pipeline
MOH-010,Meridian Agency - Fleet renewal,Meridian Agency,Zoe Larkin,AE-M17,Mid-Market,inbound,Qualification,189000,189000,2026-03-04,2026-09-01,false,false,,Qualification,renewal,Pipeline
MOH-011,Bloomfield Realty - Annual renewal,Bloomfield Realty,Adrian Moss,AE-M10,Mid-Market,outbound,Qualification,90000,90000,2026-01-19,2026-12-22,false,false,,Qualification,renewal,Pipeline
MOH-012,Apex Water District - Regional expansion,Apex Water District,Oscar Kim,AE-E11,Enterprise,partner,Qualification,1153000,1153000,2026-04-16,2026-12-23,false,false,,Qualification,expansion,Pipeline
MOH-013,Copper State Financial - Regional expansion,Copper State Financial,Colin Avery,AE-E17,Enterprise,ae_self_gen,Qualification,1081000,1081000,2026-01-19,2026-09-02,false,false,,Qualification,expansion,Pipeline
MOH-014,Legacy Construction - Add-on security module,Legacy Construction,Rafael Dunn,AE-M14,Mid-Market,ae_self_gen,Qualification,250000,250000,2026-04-17,2026-10-23,false,false,,Qualification,expansion,Pipeline
MOH-015,Meridian Commerce - Data governance layer,Meridian Commerce,Kelsey Draper,AE-M09,Mid-Market,outbound,Qualification,258000,258000,2026-01-21,2026-10-20,false,false,,Qualification,new_business,Pipeline
MOH-016,Tri-State Health Systems - Compliance automation suite,Tri-State Health Systems,Morgan Tate,AE-E09,Enterprise,outbound,Qualification,716000,716000,2026-02-27,2026-10-09,false,false,,Qualification,new_business,Pipeline
MOH-017,Continental Bank - Supply chain visibility,Continental Bank,Colin Avery,AE-E17,Enterprise,inbound,Qualification,1219000,1219000,2026-01-22,2027-01-06,false,false,,Qualification,new_business,Pipeline
MOH-018,Partners Systems - Risk management fabric,Partners Systems,Nolan Pierce,AE-E38,Enterprise,outbound,Qualification,1147000,1147000,2026-03-12,2026-09-16,false,false,,Qualification,new_business,Pipeline
MOH-019,North Coast Logistics - Analytics renewal,North Coast Logistics,Adrian Moss,AE-M10,Mid-Market,inbound,Qualification,391000,391000,2026-01-16,2027-01-18,false,false,,Qualification,renewal,Pipeline
MOH-020,Eastbrook Bank - Field operations platform,Eastbrook Bank,Priya Raman,AE-E03,Enterprise,inbound,Qualification,559000,559000,2026-02-17,2026-09-10,false,false,,Qualification,new_business,Pipeline
MOH-021,Vertex Authority - Fleet renewal,Vertex Authority,Elena Morales,AE-E27,Enterprise,ae_self_gen,Qualification,563000,563000,2026-04-01,2027-01-11,false,false,,Qualification,renewal,Pipeline
MOH-022,Meridian Health Systems - Enterprise renewal,Meridian Health Systems,Priya Raman,AE-E03,Enterprise,outbound,Qualification,1278000,1278000,2026-03-02,2027-01-21,false,false,,Qualification,renewal,Pipeline
MOH-023,Lincoln Financial - Annual renewal,Lincoln Financial,Farah Iqbal,AE-E07,Enterprise,inbound,Qualification,1200000,1200000,2026-01-01,2026-10-19,false,false,,Qualification,renewal,Pipeline
MOH-024,Jefferson Freight - Supply chain visibility,Jefferson Freight,Elise Romano,AE-E16,Enterprise,outbound,Qualification,511000,511000,2026-02-20,2026-08-19,false,false,,Qualification,new_business,Pipeline
MOH-025,Oakdale Design - Data governance layer,Oakdale Design,June Holloway,AE-M25,Mid-Market,partner,Qualification,168000,168000,2026-03-27,2026-12-28,false,false,,Qualification,new_business,Pipeline
MOH-026,Eagle Rock Systems - Data governance layer,Eagle Rock Systems,Amelia Foster,AE-E05,Enterprise,ae_self_gen,Qualification,696000,696000,2026-03-20,2026-09-04,false,false,,Qualification,new_business,Pipeline
MOH-027,Cascade Agency - Supply chain visibility,Cascade Agency,Pablo Serrano,AE-M12,Mid-Market,ae_self_gen,Qualification,90000,90000,2026-01-07,2026-11-30,false,false,,Qualification,new_business,Pipeline
MOH-028,Goldcrest Utilities - Cross-sell analytics,Goldcrest Utilities,Nina Kowalski,AE-E01,Enterprise,outbound,Qualification,459000,459000,2026-03-09,2026-11-03,false,false,,Qualification,expansion,Pipeline
MOH-029,Partners Design - Analytics foundation,Partners Design,Caleb Ortiz,AE-M18,Mid-Market,outbound,Qualification,237000,237000,2026-03-31,2026-10-08,false,false,,Qualification,new_business,Pipeline
MOH-030,Palisade Energy - Data governance layer,Palisade Energy,Victor Chen,AE-E20,Enterprise,ae_self_gen,Qualification,686000,686000,2026-01-09,2026-10-02,false,false,,Qualification,new_business,Pipeline
MOH-031,Westbrook Engineering - Analytics renewal,Westbrook Engineering,Grace Wilcox,AE-M13,Mid-Market,inbound,Qualification,279000,279000,2026-04-17,2026-10-27,false,false,,Qualification,renewal,Pipeline
MOH-032,Thunderbird Water District - Operations renewal,Thunderbird Water District,Sean Holloway,AE-E32,Enterprise,inbound,Qualification,1506000,1506000,2026-01-20,2026-12-17,false,false,,Qualification,renewal,Pipeline
MOH-033,Zenith Medical Center - Enterprise control plane,Zenith Medical Center,Julian Park,AE-E22,Enterprise,inbound,Qualification,949000,949000,2026-04-06,2026-11-06,false,false,,Qualification,new_business,Pipeline
MOH-034,Five-Star Warehousing - Regional expansion,Five-Star Warehousing,Connor Blake,AE-M16,Mid-Market,outbound,Qualification,240000,240000,2026-03-17,2026-12-24,false,false,,Qualification,expansion,Pipeline
MOH-035,Zenith Services - Global operations rollout,Zenith Services,Jada Collins,AE-E37,Enterprise,outbound,Qualification,698000,698000,2026-03-18,2026-11-19,false,false,,Qualification,new_business,Pipeline
MOH-036,Pacific Group - Supply chain visibility,Pacific Group,Lucien Dubois,AE-SE07,Strategic Enterprise,inbound,Qualification,3781000,3781000,2026-03-09,2026-11-04,false,false,,Qualification,new_business,Pipeline
MOH-037,Brookfield Solutions - Security operations center,Brookfield Solutions,Oscar Kim,AE-E11,Enterprise,ae_self_gen,Qualification,685000,685000,2026-04-06,2027-01-19,false,false,,Qualification,new_business,Pipeline
MOH-038,Springfield Supply - Infrastructure modernization,Springfield Supply,Theo Mercer,AE-M28,Mid-Market,outbound,Qualification,180000,180000,2026-02-09,2026-11-19,false,false,,Qualification,new_business,Pipeline
MOH-039,Arcturus Logistics - Operations renewal,Arcturus Logistics,Leila Haddad,AE-E12,Enterprise,outbound,Qualification,789000,789000,2026-02-09,2026-11-17,false,false,,Qualification,renewal,Pipeline
MOH-040,Thunderbird Engineering - Cross-sell analytics,Thunderbird Engineering,Tori Nguyen,AE-M11,Mid-Market,ae_self_gen,Qualification,237000,237000,2026-02-11,2026-08-07,false,false,,Qualification,expansion,Pipeline
MOH-041,North Coast Corporation - Fleet telemetry platform,North Coast Corporation,Chloe Banerjee,AE-SE16,Strategic Enterprise,outbound,Qualification,1271000,1271000,2026-03-04,2027-01-08,false,false,,Qualification,new_business,Pipeline
MOH-042,Pinecrest Commerce - Global operations rollout,Pinecrest Commerce,Mason Liu,AE-M20,Mid-Market,outbound,Qualification,130000,130000,2026-01-15,2026-08-21,false,false,,Qualification,new_business,Pipeline
MOH-043,Pacific Financial - Data governance layer,Pacific Financial,Amina Hassan,AE-E33,Enterprise,ae_self_gen,Qualification,762000,762000,2026-01-07,2026-12-16,false,false,,Qualification,new_business,Pipeline
MOH-044,Ridgeline Freight - Regional expansion,Ridgeline Freight,Morgan Tate,AE-E09,Enterprise,inbound,Qualification,949000,949000,2026-01-13,2026-10-27,false,false,,Qualification,expansion,Pipeline
MOH-045,Granite Peak Logistics - Infrastructure modernization,Granite Peak Logistics,Derek Salazar,AE-E02,Enterprise,inbound,Qualification,878000,878000,2026-03-09,2027-01-15,false,false,,Qualification,new_business,Pipeline
MOH-046,Bloomfield Logistics - Secure operations cloud,Bloomfield Logistics,Brielle Navarro,AE-M27,Mid-Market,outbound,Qualification,90000,90000,2026-01-12,2026-10-19,false,false,,Qualification,new_business,Pipeline
MOH-047,Clearwater Energy - Field operations platform,Clearwater Energy,Jada Collins,AE-E37,Enterprise,ae_self_gen,Qualification,1177000,1177000,2026-04-16,2026-11-13,false,false,,Qualification,new_business,Pipeline
MOH-048,Cornerstone Distribution - Enterprise renewal,Cornerstone Distribution,Indira Vasquez,AE-M01,Mid-Market,inbound,Qualification,232000,232000,2026-02-05,2026-11-27,false,false,,Qualification,renewal,Pipeline
MOH-049,Summit Ridge Engineering - Fleet renewal,Summit Ridge Engineering,Omar Haddad,AE-M08,Mid-Market,ae_self_gen,Qualification,133000,133000,2026-01-20,2026-08-31,false,false,,Qualification,renewal,Pipeline
MOH-050,Associates Financial - Workforce analytics,Associates Financial,Elena Morales,AE-E27,Enterprise,ae_self_gen,Qualification,465000,465000,2026-01-16,2026-12-15,false,false,,Qualification,new_business,Pipeline
MOH-051,Bedrock Authority - Risk management fabric,Bedrock Authority,Dev Kapoor,AE-E26,Enterprise,ae_self_gen,Qualification,642000,642000,2026-01-02,2026-08-19,false,false,,Qualification,new_business,Pipeline
MOH-052,Heritage Distribution - Usage expansion,Heritage Distribution,Rafael Dunn,AE-M14,Mid-Market,partner,Qualification,275000,275000,2026-02-24,2026-11-13,false,false,,Qualification,expansion,Pipeline
MOH-053,Alliance Construction - Network monitoring suite,Alliance Construction,Caleb Ortiz,AE-M18,Mid-Market,ae_self_gen,Qualification,139000,139000,2026-04-15,2026-10-21,false,false,,Qualification,new_business,Pipeline
MOH-054,Stonegate Management - Module expansion,Stonegate Management,Tori Nguyen,AE-M11,Mid-Market,outbound,Qualification,336000,336000,2026-01-13,2026-12-24,false,false,,Qualification,expansion,Pipeline
MOH-055,Springfield Services - Annual renewal,Springfield Services,Leila Haddad,AE-E12,Enterprise,inbound,Qualification,1152000,1152000,2026-03-06,2026-11-20,false,false,,Qualification,renewal,Pipeline
MOH-056,Partners Consulting - Network monitoring suite,Partners Consulting,Lena Ortiz,AE-M07,Mid-Market,ae_self_gen,Qualification,368000,368000,2026-01-12,2026-08-03,false,false,,Qualification,new_business,Pipeline
MOH-057,Heritage Design - Operations renewal,Heritage Design,Freya Jensen,AE-M19,Mid-Market,ae_self_gen,Qualification,145000,145000,2026-01-29,2026-10-27,false,false,,Qualification,renewal,Pipeline
MOH-058,Cornerstone Engineering - Division rollout,Cornerstone Engineering,Caleb Ortiz,AE-M18,Mid-Market,inbound,Qualification,269000,269000,2026-01-13,2026-09-11,false,false,,Qualification,expansion,Pipeline
MOH-059,Hamilton Industries - Risk management fabric,Hamilton Industries,Lucien Dubois,AE-SE07,Strategic Enterprise,ae_self_gen,Qualification,2973000,2973000,2026-01-12,2026-10-07,false,false,,Qualification,new_business,Pipeline
MOH-060,Ridgecrest Holdings - Workforce analytics,Ridgecrest Holdings,Victor Laurent,AE-SE19,Strategic Enterprise,inbound,Qualification,1697000,1697000,2026-01-16,2026-09-30,false,false,,Qualification,new_business,Pipeline
MOH-061,Consortium Solutions - Secure operations cloud,Consortium Solutions,Derek Salazar,AE-E02,Enterprise,ae_self_gen,Qualification,909000,909000,2026-02-23,2026-11-05,false,false,,Qualification,new_business,Pipeline
MOH-062,Rushmore Commerce - Platform renewal,Rushmore Commerce,Tori Nguyen,AE-M11,Mid-Market,partner,Qualification,141000,141000,2026-03-09,2026-11-06,false,false,,Qualification,renewal,Pipeline
MOH-063,Apex Global - Supply chain visibility,Apex Global,Vivica Hale,AE-SE14,Strategic Enterprise,outbound,Qualification,4043000,4043000,2026-04-13,2026-08-25,false,false,,Qualification,new_business,Pipeline
MOH-064,Oakdale Industries - Security operations center,Oakdale Industries,Cassius Pell,AE-SE09,Strategic Enterprise,inbound,Qualification,2862000,2862000,2026-02-17,2026-10-09,false,false,,Qualification,new_business,Pipeline
MOH-065,Westbrook Water District - Supply chain visibility,Westbrook Water District,Amelia Foster,AE-E05,Enterprise,outbound,Qualification,462000,462000,2026-01-30,2027-01-13,false,false,,Qualification,new_business,Pipeline
MOH-066,Pacific Systems - Add-on security module,Pacific Systems,Talia Mercer,AE-E14,Enterprise,ae_self_gen,Qualification,744000,744000,2026-04-17,2027-01-29,false,false,,Qualification,expansion,Pipeline
MOH-067,Apex Consulting - Platform renewal,Apex Consulting,Roman Bell,AE-M22,Mid-Market,ae_self_gen,Qualification,262000,262000,2026-01-05,2026-08-28,false,false,,Qualification,renewal,Pipeline
MOH-068,Granite Peak Transport - Regional expansion,Granite Peak Transport,June Holloway,AE-M25,Mid-Market,outbound,Qualification,251000,251000,2026-02-26,2026-10-06,false,false,,Qualification,expansion,Pipeline
MOH-069,Creekside Management - Usage expansion,Creekside Management,Caleb Ortiz,AE-M18,Mid-Market,outbound,Qualification,183000,183000,2026-01-27,2026-11-13,false,false,,Qualification,expansion,Pipeline
MOH-070,Consortium Partners - Analytics renewal,Consortium Partners,Solene Matsuoka,AE-SE08,Strategic Enterprise,inbound,Qualification,3284000,3284000,2026-01-27,2026-10-02,false,false,,Qualification,renewal,Pipeline
MOH-071,Lincoln Water District - Workforce analytics,Lincoln Water District,Quentin Brooks,AE-E06,Enterprise,outbound,Qualification,876000,876000,2026-03-13,2026-09-21,false,false,,Qualification,new_business,Pipeline
MOH-072,Arcturus Medical Center - Network monitoring suite,Arcturus Medical Center,Ethan Cross,AE-E08,Enterprise,outbound,Qualification,827000,827000,2026-03-31,2026-09-14,false,false,,Qualification,new_business,Pipeline
MOH-073,Lincoln International - Module expansion,Lincoln International,Reginald Tannen,AE-SE02,Strategic Enterprise,inbound,Qualification,2944000,2944000,2026-01-26,2026-12-15,false,false,,Qualification,expansion,Pipeline
MOH-074,Copper State Holdings - Global operations rollout,Copper State Holdings,Marisol Vega,AE-SE10,Strategic Enterprise,inbound,Qualification,3803000,3803000,2026-03-05,2026-10-23,false,false,,Qualification,new_business,Pipeline
MOH-075,Confluence Group - Division rollout,Confluence Group,Vivica Hale,AE-SE14,Strategic Enterprise,outbound,Qualification,3895000,3895000,2026-02-06,2027-01-22,false,false,,Qualification,expansion,Pipeline
MOH-076,Whitehall International - Compliance automation suite,Whitehall International,Octavia Nguyen,AE-SE04,Strategic Enterprise,outbound,Qualification,1876000,1876000,2026-01-13,2026-10-01,false,false,,Qualification,new_business,Pipeline
MOH-077,Blue Mesa Medical Center - International expansion,Blue Mesa Medical Center,Marcus Flynn,AE-E28,Enterprise,outbound,Technical Evaluation,765000,765000,2025-10-27,2026-12-07,false,false,,Technical Evaluation,expansion,Pipeline
MOH-078,Palisade Group - Operations renewal,Palisade Group,Priyam Shah,AE-SE23,Strategic Enterprise,inbound,Technical Evaluation,2368000,2368000,2025-11-19,2026-11-20,false,false,,Technical Evaluation,renewal,Pipeline
MOH-079,Elite Consulting - Connectivity platform,Elite Consulting,Lena Ortiz,AE-M07,Mid-Market,outbound,Technical Evaluation,346000,346000,2025-11-19,2026-10-29,false,false,,Technical Evaluation,new_business,Pipeline
MOH-080,Hamilton Partners - Regional expansion,Hamilton Partners,Marisol Vega,AE-SE10,Strategic Enterprise,inbound,Technical Evaluation,1818000,1818000,2026-04-02,2026-09-08,false,false,,Technical Evaluation,expansion,Pipeline
MOH-081,Blue Mesa Logistics - Division rollout,Blue Mesa Logistics,Morgan Tate,AE-E09,Enterprise,partner,Technical Evaluation,1058000,1058000,2026-03-20,2026-12-31,false,false,,Technical Evaluation,expansion,Pipeline
MOH-082,Partners Utilities - Usage expansion,Partners Utilities,Hannah Greer,AE-E29,Enterprise,ae_self_gen,Technical Evaluation,607000,607000,2025-11-10,2026-11-02,false,false,,Technical Evaluation,expansion,Pipeline
MOH-083,Vanguard Health Systems - Enterprise control plane,Vanguard Health Systems,Tara Sullivan,AE-E25,Enterprise,ae_self_gen,Technical Evaluation,627000,627000,2025-10-20,2026-12-15,false,false,,Technical Evaluation,new_business,Pipeline
MOH-084,Midland Authority - Compliance automation suite,Midland Authority,Nina Kowalski,AE-E01,Enterprise,ae_self_gen,Technical Evaluation,485000,485000,2026-02-12,2026-11-03,false,false,,Technical Evaluation,new_business,Pipeline
MOH-085,Heritage Commerce - Usage expansion,Heritage Commerce,Theo Mercer,AE-M28,Mid-Market,inbound,Technical Evaluation,403000,403000,2026-02-09,2026-12-15,false,false,,Technical Evaluation,expansion,Pipeline
MOH-086,Meridian Enterprises - Annual renewal,Meridian Enterprises,Lucien Dubois,AE-SE07,Strategic Enterprise,outbound,Technical Evaluation,1679000,1679000,2025-12-19,2026-08-31,false,false,,Technical Evaluation,renewal,Pipeline
MOH-087,Continental Solutions - Cross-sell analytics,Continental Solutions,Simone Duarte,AE-E23,Enterprise,outbound,Technical Evaluation,571000,571000,2025-10-10,2026-08-06,false,false,,Technical Evaluation,expansion,Pipeline
MOH-088,Madison Authority - Workforce analytics,Madison Authority,Ethan Cross,AE-E08,Enterprise,outbound,Technical Evaluation,522000,522000,2026-01-01,2026-08-11,false,false,,Technical Evaluation,new_business,Pipeline
MOH-089,Pinnacle Logistics - Security operations center,Pinnacle Logistics,Nicole Bauer,AE-E31,Enterprise,ae_self_gen,Technical Evaluation,1014000,1014000,2026-04-01,2027-01-01,false,false,,Technical Evaluation,new_business,Pipeline
MOH-090,Whitehall Group - Fleet telemetry platform,Whitehall Group,Priyam Shah,AE-SE23,Strategic Enterprise,ae_self_gen,Technical Evaluation,2836000,2836000,2026-01-08,2026-08-31,false,false,,Technical Evaluation,new_business,Pipeline
MOH-091,Pinecrest Systems - Global operations rollout,Pinecrest Systems,Nina Kowalski,AE-E01,Enterprise,inbound,Technical Evaluation,1044000,1044000,2026-02-23,2026-12-04,false,false,,Technical Evaluation,new_business,Pipeline
MOH-092,Blue Mesa Management - Risk management fabric,Blue Mesa Management,Connor Blake,AE-M16,Mid-Market,inbound,Technical Evaluation,99000,99000,2025-11-04,2026-12-25,false,false,,Technical Evaluation,new_business,Pipeline
MOH-093,Great Basin Authority - Module expansion,Great Basin Authority,Tara Sullivan,AE-E25,Enterprise,outbound,Technical Evaluation,458000,458000,2026-03-19,2026-08-17,false,false,,Technical Evaluation,expansion,Pipeline
MOH-094,Riverdale Authority - Connectivity platform,Riverdale Authority,Leila Haddad,AE-E12,Enterprise,ae_self_gen,Technical Evaluation,1267000,1267000,2025-12-16,2026-09-25,false,false,,Technical Evaluation,new_business,Pipeline
MOH-095,Arcturus Services - Division rollout,Arcturus Services,Jonas Lee,AE-E04,Enterprise,partner,Technical Evaluation,984000,984000,2025-11-12,2026-12-24,false,false,,Technical Evaluation,expansion,Pipeline
MOH-096,Federal Agency - Cross-sell analytics,Federal Agency,Kelsey Draper,AE-M09,Mid-Market,ae_self_gen,Technical Evaluation,354000,354000,2026-02-03,2026-10-28,false,false,,Technical Evaluation,expansion,Pipeline
MOH-097,Hilltop Group - Fleet telemetry platform,Hilltop Group,Solene Matsuoka,AE-SE08,Strategic Enterprise,outbound,Technical Evaluation,2145000,2145000,2025-10-28,2026-10-15,false,false,,Technical Evaluation,new_business,Pipeline
MOH-098,Goldcrest Management - Fleet renewal,Goldcrest Management,Rafael Costa,AE-M26,Mid-Market,outbound,Technical Evaluation,329000,329000,2026-03-25,2026-11-18,false,false,,Technical Evaluation,renewal,Pipeline
MOH-099,National Financial - Platform renewal,National Financial,Quentin Brooks,AE-E06,Enterprise,outbound,Technical Evaluation,679000,679000,2026-04-01,2026-10-15,false,false,,Technical Evaluation,renewal,Pipeline
MOH-100,Alliance Group - Infrastructure modernization,Alliance Group,Reginald Tannen,AE-SE02,Strategic Enterprise,partner,Technical Evaluation,4106000,4106000,2025-10-22,2026-12-28,false,false,,Technical Evaluation,new_business,Pipeline
MOH-101,Lincoln Logistics - Fleet renewal,Lincoln Logistics,Priyanka Sen,AE-E39,Enterprise,ae_self_gen,Technical Evaluation,1010000,1010000,2025-11-06,2027-01-04,false,false,,Technical Evaluation,renewal,Pipeline
MOH-102,Pioneer Energy - Fleet telemetry platform,Pioneer Energy,Julian Park,AE-E22,Enterprise,ae_self_gen,Technical Evaluation,862000,862000,2026-03-31,2026-12-18,false,false,,Technical Evaluation,new_business,Pipeline
MOH-103,Blue Mesa Partners - Fleet telemetry platform,Blue Mesa Partners,Alicia Monroe,AE-SE24,Strategic Enterprise,outbound,Technical Evaluation,2998000,2998000,2025-10-10,2026-10-05,false,false,,Technical Evaluation,new_business,Pipeline
MOH-104,Westbrook Health Systems - Control plane expansion,Westbrook Health Systems,Marcus Flynn,AE-E28,Enterprise,ae_self_gen,Technical Evaluation,300000,300000,2026-03-18,2027-01-28,false,false,,Technical Evaluation,expansion,Pipeline
MOH-105,Meridian Partners - Enterprise renewal,Meridian Partners,Gabriel Nwosu,AE-SE21,Strategic Enterprise,ae_self_gen,Technical Evaluation,3384000,3384000,2025-11-18,2027-01-29,false,false,,Technical Evaluation,renewal,Pipeline
MOH-106,Greenvale Bank - Annual renewal,Greenvale Bank,Julian Park,AE-E22,Enterprise,outbound,Technical Evaluation,1026000,1026000,2025-11-28,2026-08-06,false,false,,Technical Evaluation,renewal,Pipeline
MOH-107,Atlas Medical Center - Cross-sell analytics,Atlas Medical Center,Brennan Cole,AE-E13,Enterprise,inbound,Technical Evaluation,531000,531000,2025-11-19,2027-01-27,false,false,,Technical Evaluation,expansion,Pipeline
MOH-108,Palisade Services - Enterprise renewal,Palisade Services,Victor Chen,AE-E20,Enterprise,outbound,Technical Evaluation,778000,778000,2026-04-01,2026-11-16,false,false,,Technical Evaluation,renewal,Pipeline
MOH-109,Great Basin Enterprises - Platform renewal,Great Basin Enterprises,Damian Lowe,AE-SE11,Strategic Enterprise,outbound,Technical Evaluation,3316000,3316000,2025-10-21,2026-08-05,false,false,,Technical Evaluation,renewal,Pipeline
MOH-110,Flagstone Logistics - Operations renewal,Flagstone Logistics,Connor Blake,AE-M16,Mid-Market,inbound,Technical Evaluation,347000,347000,2026-01-06,2026-09-15,false,false,,Technical Evaluation,renewal,Pipeline
MOH-111,Goldcrest Construction - Global operations rollout,Goldcrest Construction,Ella West,AE-M23,Mid-Market,outbound,Technical Evaluation,213000,213000,2025-12-02,2027-01-26,false,false,,Technical Evaluation,new_business,Pipeline
MOH-112,Midland Trust - Secure operations cloud,Midland Trust,Lucien Dubois,AE-SE07,Strategic Enterprise,inbound,Technical Evaluation,1310000,1310000,2026-01-23,2027-01-21,false,false,,Technical Evaluation,new_business,Pipeline
MOH-113,Alliance Bank - Fleet telemetry expansion,Alliance Bank,Farah Iqbal,AE-E07,Enterprise,outbound,Technical Evaluation,1182000,1182000,2026-01-27,2026-09-25,false,false,,Technical Evaluation,expansion,Pipeline
MOH-114,Oakdale Health Systems - Workforce analytics,Oakdale Health Systems,Elena Morales,AE-E27,Enterprise,ae_self_gen,Technical Evaluation,628000,628000,2025-12-05,2026-09-23,false,false,,Technical Evaluation,new_business,Pipeline
MOH-115,Greenfield Freight - Enterprise renewal,Greenfield Freight,Morgan Tate,AE-E09,Enterprise,outbound,Technical Evaluation,474000,474000,2025-12-05,2026-08-14,false,false,,Technical Evaluation,renewal,Pipeline
MOH-116,Apex Networks - Network monitoring suite,Apex Networks,Derek Salazar,AE-E02,Enterprise,inbound,Technical Evaluation,600000,600000,2025-10-01,2026-09-30,false,false,,Technical Evaluation,new_business,Pipeline
MOH-117,Westfield Health Systems - Compliance automation suite,Westfield Health Systems,Camille Durand,AE-E10,Enterprise,ae_self_gen,Technical Evaluation,1061000,1061000,2025-10-08,2026-12-01,false,false,,Technical Evaluation,new_business,Pipeline
MOH-118,Northfield Enterprises - Network monitoring suite,Northfield Enterprises,Basil Okafor,AE-SE25,Strategic Enterprise,inbound,Technical Evaluation,4150000,4150000,2026-03-31,2026-11-11,false,false,,Technical Evaluation,new_business,Pipeline
MOH-119,Thunderbird Medical Center - Field operations platform,Thunderbird Medical Center,Peter Novak,AE-E34,Enterprise,partner,Technical Evaluation,844000,844000,2026-03-05,2027-01-15,false,false,,Technical Evaluation,new_business,Pipeline
MOH-120,Rushmore Water District - Security operations center,Rushmore Water District,Ethan Cross,AE-E08,Enterprise,inbound,Technical Evaluation,864000,864000,2025-11-04,2026-09-04,false,false,,Technical Evaluation,new_business,Pipeline
MOH-121,Heritage Agency - Secure operations cloud,Heritage Agency,Omar Haddad,AE-M08,Mid-Market,ae_self_gen,Technical Evaluation,233000,233000,2025-12-18,2026-09-15,false,false,,Technical Evaluation,new_business,Pipeline
MOH-122,Blue Mesa Services - Infrastructure modernization,Blue Mesa Services,Sean Holloway,AE-E32,Enterprise,ae_self_gen,Technical Evaluation,965000,965000,2025-10-13,2026-12-21,false,false,,Technical Evaluation,new_business,Pipeline
MOH-123,Prestige Agency - Fleet telemetry expansion,Prestige Agency,Omar Haddad,AE-M08,Mid-Market,partner,Technical Evaluation,272000,272000,2026-02-11,2026-12-24,false,false,,Technical Evaluation,expansion,Pipeline
MOH-124,Greenfield Warehousing - Analytics renewal,Greenfield Warehousing,Caleb Ortiz,AE-M18,Mid-Market,outbound,Technical Evaluation,461000,461000,2026-02-18,2026-10-26,false,false,,Technical Evaluation,renewal,Pipeline
MOH-125,Zenith Management - Control plane expansion,Zenith Management,Esperanza Vega,AE-M05,Mid-Market,outbound,Technical Evaluation,181000,181000,2025-12-12,2026-10-09,false,false,,Technical Evaluation,expansion,Pipeline
MOH-126,Lakewood Water District - Operations renewal,Lakewood Water District,Renee Gallagher,AE-E19,Enterprise,ae_self_gen,Technical Evaluation,865000,865000,2025-11-05,2026-11-13,false,false,,Technical Evaluation,renewal,Pipeline
MOH-127,Lakefront Supply - Workforce analytics,Lakefront Supply,Kelsey Draper,AE-M09,Mid-Market,inbound,Technical Evaluation,370000,370000,2025-12-09,2026-09-16,false,false,,Technical Evaluation,new_business,Pipeline
MOH-128,Silvergate Transport - Operations renewal,Silvergate Transport,Kelsey Draper,AE-M09,Mid-Market,partner,Technical Evaluation,265000,265000,2026-03-17,2026-10-12,false,false,,Technical Evaluation,renewal,Pipeline
MOH-129,Goldcrest Energy - Workforce analytics,Goldcrest Energy,Colin Avery,AE-E17,Enterprise,ae_self_gen,Technical Evaluation,826000,826000,2026-03-09,2026-10-30,false,false,,Technical Evaluation,new_business,Pipeline
MOH-130,Midland Enterprises - Fleet renewal,Midland Enterprises,Reginald Tannen,AE-SE02,Strategic Enterprise,outbound,Technical Evaluation,2733000,2733000,2026-02-04,2027-01-05,false,false,,Technical Evaluation,renewal,Pipeline
MOH-131,Meadowbrook Global - Infrastructure renewal,Meadowbrook Global,Rohan Bedi,AE-SE13,Strategic Enterprise,inbound,Technical Evaluation,2488000,2488000,2026-04-02,2026-12-28,false,false,,Technical Evaluation,renewal,Pipeline
MOH-132,Atlantic Retail - Data governance layer,Atlantic Retail,Lena Ortiz,AE-M07,Mid-Market,inbound,Technical Evaluation,247000,247000,2026-03-10,2027-01-06,false,false,,Technical Evaluation,new_business,Pipeline
MOH-133,Summit Ridge Industries - Annual renewal,Summit Ridge Industries,Victor Laurent,AE-SE19,Strategic Enterprise,ae_self_gen,Technical Evaluation,2991000,2991000,2025-12-18,2027-01-19,false,false,,Technical Evaluation,renewal,Pipeline
MOH-134,Keystone Distribution - Seat expansion,Keystone Distribution,Tori Nguyen,AE-M11,Mid-Market,outbound,Technical Evaluation,174000,174000,2025-12-12,2026-09-14,false,false,,Technical Evaluation,expansion,Pipeline
MOH-135,Copper State Authority - Control plane expansion,Copper State Authority,Marcus Flynn,AE-E28,Enterprise,outbound,Technical Evaluation,806000,806000,2025-12-03,2026-11-27,false,false,,Technical Evaluation,expansion,Pipeline
MOH-136,Vertex Trust - Secure operations cloud,Vertex Trust,Serena Calloway,AE-SE22,Strategic Enterprise,inbound,Technical Evaluation,2299000,2299000,2025-10-16,2026-11-16,false,false,,Technical Evaluation,new_business,Pipeline
MOH-137,Southport Medical Center - Cross-sell analytics,Southport Medical Center,Tara Sullivan,AE-E25,Enterprise,partner,Technical Evaluation,1600000,1600000,2025-10-23,2026-12-17,false,false,,Technical Evaluation,expansion,Pipeline
MOH-138,Pinnacle Medical Center - Division rollout,Pinnacle Medical Center,Jonas Lee,AE-E04,Enterprise,outbound,Technical Evaluation,1229000,1229000,2026-01-08,2026-11-12,false,false,,Technical Evaluation,expansion,Pipeline
MOH-139,Fairfield Freight - Workforce analytics,Fairfield Freight,Ethan Cross,AE-E08,Enterprise,outbound,Technical Evaluation,567000,567000,2026-01-02,2026-09-11,false,false,,Technical Evaluation,new_business,Pipeline
MOH-140,Consortium Health Systems - Division rollout,Consortium Health Systems,Hannah Greer,AE-E29,Enterprise,partner,Technical Evaluation,1120000,1120000,2025-12-26,2026-08-17,false,false,,Technical Evaluation,expansion,Pipeline
MOH-141,Vertex Medical Center - Connectivity platform,Vertex Medical Center,Priya Raman,AE-E03,Enterprise,outbound,Technical Evaluation,629000,629000,2026-03-16,2026-10-20,false,false,,Technical Evaluation,new_business,Pipeline
MOH-142,Northfield Retail - Analytics foundation,Northfield Retail,Tori Nguyen,AE-M11,Mid-Market,ae_self_gen,Technical Evaluation,190000,190000,2026-01-05,2026-12-23,false,false,,Technical Evaluation,new_business,Pipeline
MOH-143,Meadowbrook Distribution - Fleet telemetry expansion,Meadowbrook Distribution,Vivek Rao,AE-M24,Mid-Market,ae_self_gen,Technical Evaluation,302000,302000,2026-04-02,2026-12-14,false,false,,Technical Evaluation,expansion,Pipeline
MOH-144,Whitehall Services - Seat expansion,Whitehall Services,Farah Iqbal,AE-E07,Enterprise,outbound,Technical Evaluation,713000,713000,2025-11-07,2026-09-30,false,false,,Technical Evaluation,expansion,Pipeline
MOH-145,Madison Global - Enterprise control plane,Madison Global,Helena Strauss,AE-SE12,Strategic Enterprise,outbound,Technical Evaluation,3019000,3019000,2026-03-02,2026-11-10,false,false,,Technical Evaluation,new_business,Pipeline
MOH-146,Consortium International - Secure operations cloud,Consortium International,Alicia Monroe,AE-SE24,Strategic Enterprise,ae_self_gen,Technical Evaluation,2721000,2721000,2026-02-13,2026-12-18,false,false,,Technical Evaluation,new_business,Pipeline
MOH-147,Ridgecrest Consulting - Division rollout,Ridgecrest Consulting,Rafael Costa,AE-M26,Mid-Market,inbound,Technical Evaluation,335000,335000,2026-01-26,2026-08-25,false,false,,Technical Evaluation,expansion,Pipeline
MOH-148,Hilltop Networks - Compliance automation suite,Hilltop Networks,Peter Novak,AE-E34,Enterprise,outbound,Technical Evaluation,373000,373000,2025-11-14,2027-01-18,false,false,,Technical Evaluation,new_business,Pipeline
MOH-149,Hilltop Engineering - Usage expansion,Hilltop Engineering,Geoffrey Baxter,AE-M06,Mid-Market,outbound,Technical Evaluation,152000,152000,2025-11-19,2027-01-13,false,false,,Technical Evaluation,expansion,Pipeline
MOH-150,Cedarbrook Networks - Fleet telemetry platform,Cedarbrook Networks,Nicole Bauer,AE-E31,Enterprise,inbound,Technical Evaluation,1027000,1027000,2026-03-11,2027-01-05,false,false,,Technical Evaluation,new_business,Pipeline
MOH-151,Monroe Logistics - Security operations center,Monroe Logistics,Simone Duarte,AE-E23,Enterprise,outbound,Technical Evaluation,633000,633000,2026-01-05,2026-09-08,false,false,,Technical Evaluation,new_business,Pipeline
MOH-152,Silvergate Distribution - Compliance automation suite,Silvergate Distribution,Pablo Serrano,AE-M12,Mid-Market,ae_self_gen,Technical Evaluation,395000,395000,2025-10-13,2026-10-08,false,false,,Technical Evaluation,new_business,Pipeline
MOH-153,Pinecrest Transport - Data governance layer,Pinecrest Transport,Omar Haddad,AE-M08,Mid-Market,outbound,Technical Evaluation,425000,425000,2026-02-09,2026-10-15,false,false,,Technical Evaluation,new_business,Pipeline
MOH-154,Jefferson Authority - Platform renewal,Jefferson Authority,Priya Raman,AE-E03,Enterprise,outbound,Technical Evaluation,515000,515000,2025-10-28,2026-09-28,false,false,,Technical Evaluation,renewal,Pipeline
MOH-155,Eagle Rock Solutions - Platform renewal,Eagle Rock Solutions,Dev Kapoor,AE-E26,Enterprise,ae_self_gen,Technical Evaluation,456000,456000,2025-12-31,2026-10-06,false,false,,Technical Evaluation,renewal,Pipeline
MOH-156,Lincoln Systems - Security operations center,Lincoln Systems,Nina Kowalski,AE-E01,Enterprise,outbound,Technical Evaluation,1435000,1435000,2025-12-04,2026-12-31,false,false,,Technical Evaluation,new_business,Pipeline
MOH-157,Midland Agency - Risk management fabric,Midland Agency,Zoe Larkin,AE-M17,Mid-Market,ae_self_gen,Technical Evaluation,200000,200000,2026-02-03,2027-01-25,false,false,,Technical Evaluation,new_business,Pipeline
MOH-158,Granite Peak Retail - Data governance layer,Granite Peak Retail,Esperanza Vega,AE-M05,Mid-Market,outbound,Technical Evaluation,422000,422000,2025-10-08,2026-11-09,false,false,,Technical Evaluation,new_business,Pipeline
MOH-159,Cedarbrook Logistics - Analytics foundation,Cedarbrook Logistics,Morgan Tate,AE-E09,Enterprise,partner,Business Case,886000,886000,2026-01-28,2026-09-02,false,false,,Business Case,new_business,Best Case
MOH-160,Summit Technologies - Secure operations cloud,Summit Technologies,Sasha Petrov,AE-E18,Enterprise,inbound,Business Case,797000,797000,2025-09-15,2026-11-06,false,false,,Business Case,new_business,Best Case
MOH-161,Elite Group - Platform renewal,Elite Group,Marisol Vega,AE-SE10,Strategic Enterprise,ae_self_gen,Business Case,3027000,3027000,2025-08-13,2026-12-16,false,false,,Business Case,renewal,Best Case
MOH-162,Alliance Technologies - Fleet renewal,Alliance Technologies,Amelia Foster,AE-E05,Enterprise,outbound,Business Case,890000,890000,2025-08-18,2027-01-07,false,false,,Business Case,renewal,Best Case
MOH-163,National Authority - Analytics foundation,National Authority,Nolan Pierce,AE-E38,Enterprise,inbound,Business Case,887000,887000,2025-12-25,2026-09-09,false,false,,Business Case,new_business,Best Case
MOH-164,Blue Mesa Trust - Enterprise renewal,Blue Mesa Trust,Marisol Vega,AE-SE10,Strategic Enterprise,ae_self_gen,Business Case,2911000,2911000,2025-07-02,2026-10-20,false,false,,Business Case,renewal,Best Case
MOH-165,Thunderbird Transport - Infrastructure modernization,Thunderbird Transport,Roman Bell,AE-M22,Mid-Market,partner,Business Case,285000,285000,2026-02-23,2026-12-09,false,false,,Business Case,new_business,Best Case
MOH-166,Heritage Properties - Field operations platform,Heritage Properties,Rafael Costa,AE-M26,Mid-Market,outbound,Business Case,268000,268000,2026-01-06,2026-12-11,false,false,,Business Case,new_business,Best Case
MOH-167,Northfield Authority - Platform renewal,Northfield Authority,Sean Holloway,AE-E32,Enterprise,inbound,Business Case,716000,716000,2025-12-05,2026-10-12,false,false,,Business Case,renewal,Best Case
MOH-168,Pinecrest Construction - Control plane expansion,Pinecrest Construction,Geoffrey Baxter,AE-M06,Mid-Market,ae_self_gen,Business Case,236000,236000,2025-11-07,2026-11-09,false,false,,Business Case,expansion,Best Case
MOH-169,Palisade Industries - Usage expansion,Palisade Industries,Mateo Esposito,AE-SE15,Strategic Enterprise,ae_self_gen,Business Case,1958000,1958000,2025-06-29,2026-10-09,false,false,,Business Case,expansion,Best Case
MOH-170,Summit Ridge Health Systems - Network monitoring suite,Summit Ridge Health Systems,Nicole Bauer,AE-E31,Enterprise,inbound,Business Case,845000,845000,2026-02-18,2026-10-19,false,false,,Business Case,new_business,Best Case
MOH-171,Highpoint Retail - Analytics renewal,Highpoint Retail,Mina Patel,AE-M15,Mid-Market,inbound,Business Case,90000,90000,2025-11-07,2026-12-16,false,false,,Business Case,renewal,Best Case
MOH-172,Meridian Global - Data governance layer,Meridian Global,Kaela Ondieki,AE-SE06,Strategic Enterprise,outbound,Business Case,2962000,2962000,2025-07-12,2026-09-28,false,false,,Business Case,new_business,Best Case
MOH-173,Hilltop Enterprises - Network monitoring suite,Hilltop Enterprises,Alicia Monroe,AE-SE24,Strategic Enterprise,inbound,Business Case,2180000,2180000,2025-08-22,2026-11-26,false,false,,Business Case,new_business,Best Case
MOH-174,Elite Financial - Add-on security module,Elite Financial,Morgan Tate,AE-E09,Enterprise,outbound,Business Case,981000,981000,2025-08-29,2026-09-17,false,false,,Business Case,expansion,Best Case
MOH-175,Coalition Industries - Enterprise control plane,Coalition Industries,Serena Calloway,AE-SE22,Strategic Enterprise,outbound,Business Case,3689000,3689000,2025-10-06,2026-10-13,false,false,,Business Case,new_business,Best Case
MOH-176,Madison Commerce - Field operations platform,Madison Commerce,Indira Vasquez,AE-M01,Mid-Market,outbound,Business Case,368000,368000,2026-01-14,2026-11-19,false,false,,Business Case,new_business,Best Case
MOH-177,Consortium Trust - Supply chain visibility,Consortium Trust,Mateo Esposito,AE-SE15,Strategic Enterprise,inbound,Business Case,1100000,1100000,2025-12-30,2027-01-21,false,false,,Business Case,new_business,Best Case
MOH-178,Covenant Authority - Seat expansion,Covenant Authority,Isaac Moreno,AE-E36,Enterprise,outbound,Business Case,683000,683000,2025-08-22,2026-08-13,false,false,,Business Case,expansion,Best Case
MOH-179,Hamilton Freight - Enterprise control plane,Hamilton Freight,Renee Gallagher,AE-E19,Enterprise,outbound,Business Case,622000,622000,2026-02-03,2026-10-30,false,false,,Business Case,new_business,Best Case
MOH-180,Highpoint Technologies - Data governance layer,Highpoint Technologies,Nina Kowalski,AE-E01,Enterprise,partner,Business Case,790000,790000,2025-12-23,2026-08-10,false,false,,Business Case,new_business,Best Case
MOH-181,Pinecrest Properties - Platform renewal,Pinecrest Properties,Connor Blake,AE-M16,Mid-Market,outbound,Business Case,429000,429000,2025-09-16,2026-11-03,false,false,,Business Case,renewal,Commit
MOH-182,Partners Solutions - Workforce analytics,Partners Solutions,Nicole Bauer,AE-E31,Enterprise,outbound,Business Case,1330000,1330000,2026-01-22,2026-10-29,false,false,,Business Case,new_business,Best Case
MOH-183,North Coast Services - Connectivity platform,North Coast Services,Elena Morales,AE-E27,Enterprise,outbound,Business Case,859000,859000,2025-09-09,2026-12-02,false,false,,Business Case,new_business,Best Case
MOH-184,Coalition Services - Add-on security module,Coalition Services,Amina Hassan,AE-E33,Enterprise,inbound,Business Case,557000,557000,2025-09-19,2026-12-02,false,false,,Business Case,expansion,Best Case
MOH-185,Tri-State Logistics - Usage expansion,Tri-State Logistics,Victor Chen,AE-E20,Enterprise,ae_self_gen,Business Case,680000,680000,2026-02-16,2026-10-13,false,false,,Business Case,expansion,Commit
MOH-186,Premier Water District - Workforce analytics,Premier Water District,Victor Chen,AE-E20,Enterprise,outbound,Business Case,906000,906000,2025-09-23,2026-12-08,false,false,,Business Case,new_business,Commit
MOH-187,Granite Peak Consulting - Risk management fabric,Granite Peak Consulting,Mina Patel,AE-M15,Mid-Market,inbound,Business Case,186000,186000,2025-08-11,2026-10-15,false,false,,Business Case,new_business,Best Case
MOH-188,Great Basin Financial - Fleet telemetry platform,Great Basin Financial,Haruto Sakamoto,AE-E15,Enterprise,outbound,Business Case,313000,313000,2025-11-13,2027-01-07,false,false,,Business Case,new_business,Best Case
MOH-189,Greenfield Authority - Analytics foundation,Greenfield Authority,Amelia Foster,AE-E05,Enterprise,outbound,Business Case,465000,465000,2025-08-13,2026-12-18,false,false,,Business Case,new_business,Best Case
MOH-190,Westfield Energy - Fleet telemetry platform,Westfield Energy,Colin Avery,AE-E17,Enterprise,outbound,Business Case,688000,688000,2025-09-17,2026-11-30,false,false,,Business Case,new_business,Best Case
MOH-191,Springfield Warehousing - Fleet renewal,Springfield Warehousing,Kelsey Draper,AE-M09,Mid-Market,partner,Business Case,373000,373000,2026-02-05,2026-08-26,false,false,,Business Case,renewal,Best Case
MOH-192,Premier Energy - Fleet telemetry platform,Premier Energy,Elise Romano,AE-E16,Enterprise,outbound,Business Case,1060000,1060000,2025-08-21,2026-10-01,false,false,,Business Case,new_business,Best Case
MOH-193,Frontier Water District - Network monitoring suite,Frontier Water District,Amina Hassan,AE-E33,Enterprise,outbound,Business Case,803000,803000,2026-02-02,2026-11-04,false,false,,Business Case,new_business,Best Case
MOH-194,Meadowbrook Retail - Add-on security module,Meadowbrook Retail,Indira Vasquez,AE-M01,Mid-Market,partner,Business Case,348000,348000,2026-02-05,2027-01-29,false,false,,Business Case,expansion,Best Case
MOH-195,Fairfield Global - Connectivity platform,Fairfield Global,Cassius Pell,AE-SE09,Strategic Enterprise,ae_self_gen,Business Case,1903000,1903000,2025-09-09,2027-01-14,false,false,,Business Case,new_business,Best Case
MOH-196,Atlas Global - Security operations center,Atlas Global,Alicia Monroe,AE-SE24,Strategic Enterprise,outbound,Business Case,1624000,1624000,2025-11-18,2026-12-23,false,false,,Business Case,new_business,Best Case
MOH-197,Pacific Logistics - Cross-sell analytics,Pacific Logistics,Oscar Kim,AE-E11,Enterprise,outbound,Business Case,856000,856000,2025-12-15,2026-08-25,false,false,,Business Case,expansion,Best Case
MOH-198,Keystone Consulting - Analytics renewal,Keystone Consulting,Brielle Navarro,AE-M27,Mid-Market,ae_self_gen,Business Case,417000,417000,2025-11-07,2026-09-08,false,false,,Business Case,renewal,Best Case
MOH-199,Elite Authority - Global operations rollout,Elite Authority,Jada Collins,AE-E37,Enterprise,outbound,Business Case,606000,606000,2026-01-29,2026-12-04,false,false,,Business Case,new_business,Best Case
MOH-200,Eagle Rock Networks - Security operations center,Eagle Rock Networks,Elena Morales,AE-E27,Enterprise,outbound,Business Case,1127000,1127000,2026-02-05,2026-12-25,false,false,,Business Case,new_business,Best Case
MOH-201,Ironwood Realty - Infrastructure modernization,Ironwood Realty,Mason Liu,AE-M20,Mid-Market,outbound,Business Case,191000,191000,2025-10-21,2027-01-22,false,false,,Business Case,new_business,Best Case
MOH-202,Summit Group - Operations renewal,Summit Group,Victor Laurent,AE-SE19,Strategic Enterprise,ae_self_gen,Business Case,3180000,3180000,2025-09-22,2026-11-11,false,false,,Business Case,renewal,Best Case
MOH-203,North Coast Global - Analytics renewal,North Coast Global,Serena Calloway,AE-SE22,Strategic Enterprise,outbound,Business Case,2565000,2565000,2025-09-08,2026-09-10,false,false,,Business Case,renewal,Best Case
MOH-204,Continental Capital - Regional expansion,Continental Capital,Rohan Bedi,AE-SE13,Strategic Enterprise,ae_self_gen,Business Case,3437000,3437000,2026-01-27,2026-10-20,false,false,,Business Case,expansion,Best Case
MOH-205,Monroe Capital - Connectivity platform,Monroe Capital,Vivica Hale,AE-SE14,Strategic Enterprise,outbound,Business Case,2747000,2747000,2025-07-25,2026-08-05,false,false,,Business Case,new_business,Best Case
MOH-206,Pacific Networks - Enterprise renewal,Pacific Networks,Amina Hassan,AE-E33,Enterprise,ae_self_gen,Business Case,830000,830000,2026-01-14,2026-11-23,false,false,,Business Case,renewal,Best Case
MOH-207,Prestige Consulting - Annual renewal,Prestige Consulting,Indira Vasquez,AE-M01,Mid-Market,inbound,Business Case,385000,385000,2026-02-26,2026-09-04,false,false,,Business Case,renewal,Best Case
MOH-208,Whitehall Warehousing - Operations renewal,Whitehall Warehousing,Brielle Navarro,AE-M27,Mid-Market,outbound,Business Case,396000,396000,2025-10-28,2026-11-18,false,false,,Business Case,renewal,Best Case
MOH-209,Lakefront Utilities - Enterprise control plane,Lakefront Utilities,Nolan Pierce,AE-E38,Enterprise,inbound,Business Case,648000,648000,2026-02-03,2026-09-29,false,false,,Business Case,new_business,Best Case
MOH-210,Northfield Financial - Fleet telemetry expansion,Northfield Financial,Priya Raman,AE-E03,Enterprise,partner,Business Case,741000,741000,2026-01-29,2026-11-16,false,false,,Business Case,expansion,Best Case
MOH-211,Consortium Engineering - Security operations center,Consortium Engineering,Theo Mercer,AE-M28,Mid-Market,ae_self_gen,Business Case,293000,293000,2025-12-05,2026-11-23,false,false,,Business Case,new_business,Best Case
MOH-212,Springfield Properties - Network monitoring suite,Springfield Properties,Omar Haddad,AE-M08,Mid-Market,outbound,Business Case,235000,235000,2025-08-07,2026-11-09,false,false,,Business Case,new_business,Best Case
MOH-213,Cornerstone Capital - Seat expansion,Cornerstone Capital,Kaela Ondieki,AE-SE06,Strategic Enterprise,outbound,Business Case,3239000,3239000,2025-10-04,2026-11-20,false,false,,Business Case,expansion,Best Case
MOH-214,Goldcrest Bank - Annual renewal,Goldcrest Bank,Lucia Barrett,AE-E35,Enterprise,inbound,Business Case,508000,508000,2025-10-21,2026-09-09,false,false,,Business Case,renewal,Best Case
MOH-215,Summit Ridge Utilities - Enterprise renewal,Summit Ridge Utilities,Leila Haddad,AE-E12,Enterprise,partner,Business Case,549000,549000,2025-11-07,2026-12-15,false,false,,Business Case,renewal,Best Case
MOH-216,Clearwater Group - Workforce analytics,Clearwater Group,Solene Matsuoka,AE-SE08,Strategic Enterprise,ae_self_gen,Business Case,2435000,2435000,2025-08-25,2026-09-16,false,false,,Business Case,new_business,Best Case
MOH-217,Federal Engineering - Security operations center,Federal Engineering,Theo Mercer,AE-M28,Mid-Market,outbound,Business Case,389000,389000,2026-01-19,2027-01-28,false,false,,Business Case,new_business,Best Case
MOH-218,Lincoln Agency - Control plane expansion,Lincoln Agency,Phineas Okafor,AE-M02,Mid-Market,inbound,Business Case,379000,379000,2026-03-13,2026-11-05,false,false,,Business Case,expansion,Best Case
MOH-219,Coalition Logistics - Compliance automation suite,Coalition Logistics,Nina Kowalski,AE-E01,Enterprise,outbound,Business Case,508000,508000,2025-10-20,2027-01-05,false,false,,Business Case,new_business,Best Case
MOH-220,Blue Mesa Energy - Enterprise control plane,Blue Mesa Energy,Victor Chen,AE-E20,Enterprise,partner,Business Case,626000,626000,2026-02-02,2026-10-15,false,false,,Business Case,new_business,Best Case
MOH-221,Cedarbrook Medical Center - Seat expansion,Cedarbrook Medical Center,Mira Lawson,AE-E21,Enterprise,partner,Business Case,943000,943000,2025-09-08,2026-10-19,false,false,,Business Case,expansion,Best Case
MOH-222,Granite Peak Enterprises - Analytics renewal,Granite Peak Enterprises,Damian Lowe,AE-SE11,Strategic Enterprise,outbound,Business Case,1364000,1364000,2025-08-06,2027-01-14,false,false,,Business Case,renewal,Best Case
MOH-223,Blackwater Water District - Infrastructure renewal,Blackwater Water District,Quentin Brooks,AE-E06,Enterprise,inbound,Business Case,502000,502000,2025-08-18,2026-12-08,false,false,,Business Case,renewal,Best Case
MOH-224,Bedrock Health Systems - Division rollout,Bedrock Health Systems,Peter Novak,AE-E34,Enterprise,inbound,Business Case,656000,656000,2025-10-23,2026-12-28,false,false,,Business Case,expansion,Best Case
MOH-225,Legacy Consulting - Module expansion,Legacy Consulting,Yusuf Bashir,AE-M04,Mid-Market,outbound,Business Case,298000,298000,2026-03-13,2026-08-27,false,false,,Business Case,expansion,Best Case
MOH-226,National Technologies - Platform renewal,National Technologies,Elise Romano,AE-E16,Enterprise,outbound,Business Case,958000,958000,2026-01-12,2026-12-10,false,false,,Business Case,renewal,Best Case
MOH-227,Oakdale Medical Center - Infrastructure modernization,Oakdale Medical Center,Haruto Sakamoto,AE-E15,Enterprise,partner,Business Case,794000,794000,2025-09-18,2026-08-20,false,false,,Business Case,new_business,Best Case
MOH-228,Greenfield Medical Center - Field operations platform,Greenfield Medical Center,Nina Kowalski,AE-E01,Enterprise,outbound,Business Case,1136000,1136000,2026-02-11,2026-08-26,false,false,,Business Case,new_business,Best Case
MOH-229,Confluence Trust - Workforce analytics,Confluence Trust,Alicia Monroe,AE-SE24,Strategic Enterprise,outbound,Business Case,2030000,2030000,2026-01-09,2027-01-18,false,false,,Business Case,new_business,Best Case
MOH-230,Watershed Distribution - Enterprise control plane,Watershed Distribution,Adrian Moss,AE-M10,Mid-Market,outbound,Business Case,444000,444000,2025-09-24,2026-10-27,false,false,,Business Case,new_business,Best Case
MOH-231,Cascade Properties - Risk management fabric,Cascade Properties,Ella West,AE-M23,Mid-Market,inbound,Business Case,225000,225000,2025-09-18,2026-11-05,false,false,,Business Case,new_business,Best Case
MOH-232,Monroe Corporation - Analytics renewal,Monroe Corporation,Basil Okafor,AE-SE25,Strategic Enterprise,outbound,Business Case,2873000,2873000,2025-10-07,2026-12-21,false,false,,Business Case,renewal,Best Case
MOH-233,Pacific Bank - Network monitoring suite,Pacific Bank,Marcus Flynn,AE-E28,Enterprise,ae_self_gen,Business Case,1092000,1092000,2025-09-24,2026-08-31,false,false,,Business Case,new_business,Best Case
MOH-234,National Consulting - Security operations center,National Consulting,Zoe Larkin,AE-M17,Mid-Market,outbound,Business Case,209000,209000,2026-03-25,2027-01-27,false,false,,Business Case,new_business,Best Case
MOH-235,Continental Financial - Annual renewal,Continental Financial,Sasha Petrov,AE-E18,Enterprise,ae_self_gen,Business Case,300000,300000,2026-02-13,2026-09-04,false,false,,Business Case,renewal,Best Case
MOH-236,Watershed Services - Field operations platform,Watershed Services,Elise Romano,AE-E16,Enterprise,ae_self_gen,Business Case,953000,953000,2026-01-23,2026-08-06,false,false,,Business Case,new_business,Best Case
MOH-237,Ironwood Medical Center - Infrastructure modernization,Ironwood Medical Center,Simone Duarte,AE-E23,Enterprise,ae_self_gen,Business Case,587000,587000,2025-11-17,2026-11-09,false,false,,Business Case,new_business,Best Case
MOH-238,Jefferson Utilities - Infrastructure modernization,Jefferson Utilities,Nicole Bauer,AE-E31,Enterprise,outbound,Business Case,798000,798000,2025-10-28,2026-09-01,false,false,,Business Case,new_business,Best Case
MOH-239,Pioneer Group - Data governance layer,Pioneer Group,Helena Strauss,AE-SE12,Strategic Enterprise,inbound,Business Case,2716000,2716000,2025-10-23,2027-01-27,false,false,,Business Case,new_business,Best Case
MOH-240,Palisade Logistics - Field operations platform,Palisade Logistics,Lucia Barrett,AE-E35,Enterprise,ae_self_gen,Business Case,1421000,1421000,2025-09-18,2026-10-30,false,false,,Business Case,new_business,Best Case
MOH-241,Granite Peak Bank - Operations renewal,Granite Peak Bank,Wesley Hart,AE-E24,Enterprise,outbound,Business Case,984000,984000,2025-10-22,2026-12-28,false,false,,Business Case,renewal,Best Case
MOH-242,Rushmore Management - International expansion,Rushmore Management,Adrian Moss,AE-M10,Mid-Market,outbound,Business Case,351000,351000,2025-12-18,2026-10-21,false,false,,Business Case,expansion,Best Case
MOH-243,Associates Logistics - Annual renewal,Associates Logistics,Brielle Navarro,AE-M27,Mid-Market,inbound,Business Case,413000,413000,2025-09-18,2026-11-13,false,false,,Business Case,renewal,Best Case
MOH-244,Bloomfield Group - Network monitoring suite,Bloomfield Group,Octavia Nguyen,AE-SE04,Strategic Enterprise,outbound,Business Case,2826000,2826000,2025-12-22,2027-01-19,false,false,,Business Case,new_business,Best Case
MOH-245,Brookfield Freight - Control plane expansion,Brookfield Freight,Mira Lawson,AE-E21,Enterprise,outbound,Business Case,718000,718000,2025-08-07,2026-10-15,false,false,,Business Case,expansion,Best Case
MOH-246,Ridgeline Health Systems - Analytics renewal,Ridgeline Health Systems,Priya Raman,AE-E03,Enterprise,partner,Business Case,900000,900000,2025-11-21,2026-10-01,false,false,,Business Case,renewal,Best Case
MOH-247,Northfield Supply - Analytics foundation,Northfield Supply,Geoffrey Baxter,AE-M06,Mid-Market,inbound,Business Case,243000,243000,2025-11-05,2026-09-03,false,false,,Business Case,new_business,Best Case
MOH-248,Hamilton International - Operations renewal,Hamilton International,Theron Whitmore,AE-SE05,Strategic Enterprise,ae_self_gen,Business Case,1251000,1251000,2026-01-29,2026-09-22,false,false,,Business Case,renewal,Best Case
MOH-249,Eastbrook Water District - Operations renewal,Eastbrook Water District,Simone Duarte,AE-E23,Enterprise,outbound,Business Case,732000,732000,2025-08-11,2026-10-28,false,false,,Business Case,renewal,Best Case
MOH-250,Copper State Freight - Fleet renewal,Copper State Freight,Amelia Foster,AE-E05,Enterprise,outbound,Business Case,764000,764000,2025-11-19,2026-11-09,false,false,,Business Case,renewal,Best Case
MOH-251,Ridgeline Warehousing - Regional expansion,Ridgeline Warehousing,Adrian Moss,AE-M10,Mid-Market,inbound,Business Case,161000,161000,2025-08-08,2026-11-16,false,false,,Business Case,expansion,Best Case
MOH-252,Brookfield Capital - Enterprise renewal,Brookfield Capital,Reginald Tannen,AE-SE02,Strategic Enterprise,partner,Business Case,2016000,2016000,2025-11-06,2027-01-21,false,false,,Business Case,renewal,Best Case
MOH-253,Atlantic Services - Data governance layer,Atlantic Services,Peter Novak,AE-E34,Enterprise,outbound,Business Case,801000,801000,2026-02-12,2026-11-17,false,false,,Business Case,new_business,Best Case
MOH-254,Meadowbrook Networks - Security operations center,Meadowbrook Networks,Nina Kowalski,AE-E01,Enterprise,inbound,Negotiation,1191000,1191000,2025-09-16,2026-11-05,false,false,,Negotiation,new_business,Commit
MOH-255,Bedrock Freight - Platform renewal,Bedrock Freight,Julian Park,AE-E22,Enterprise,outbound,Negotiation,1043000,1043000,2025-12-23,2026-12-14,false,false,,Negotiation,renewal,Commit
MOH-256,Partners Group - Enterprise control plane,Partners Group,Lucien Dubois,AE-SE07,Strategic Enterprise,outbound,Negotiation,2746000,2746000,2025-11-14,2026-11-24,false,false,,Negotiation,new_business,Commit
MOH-257,Granite Peak Group - Compliance automation suite,Granite Peak Group,Alicia Monroe,AE-SE24,Strategic Enterprise,inbound,Negotiation,2019000,2019000,2025-12-24,2026-11-10,false,false,,Negotiation,new_business,Commit
MOH-258,Cornerstone Utilities - Analytics renewal,Cornerstone Utilities,Tyler Mbeki,AE-E30,Enterprise,ae_self_gen,Negotiation,1272000,1272000,2025-12-05,2027-01-29,false,false,,Negotiation,renewal,Commit
MOH-259,Five-Star Networks - Secure operations cloud,Five-Star Networks,Priyanka Sen,AE-E39,Enterprise,ae_self_gen,Negotiation,1209000,1209000,2026-01-20,2027-01-07,false,false,,Negotiation,new_business,Commit
MOH-260,Ridgeline Distribution - Operations renewal,Ridgeline Distribution,Tori Nguyen,AE-M11,Mid-Market,outbound,Negotiation,270000,270000,2025-10-07,2026-11-18,false,false,,Negotiation,renewal,Commit
MOH-261,Cornerstone Networks - Platform renewal,Cornerstone Networks,Nina Kowalski,AE-E01,Enterprise,ae_self_gen,Negotiation,424000,424000,2025-10-20,2026-11-09,false,false,,Negotiation,renewal,Commit
MOH-262,Arcturus Technologies - Risk management fabric,Arcturus Technologies,Morgan Tate,AE-E09,Enterprise,ae_self_gen,Negotiation,499000,499000,2025-10-28,2026-11-30,false,false,,Negotiation,new_business,Commit
MOH-263,Arcturus Bank - Regional expansion,Arcturus Bank,Nina Kowalski,AE-E01,Enterprise,inbound,Negotiation,872000,872000,2025-12-24,2026-12-30,false,false,,Negotiation,expansion,Commit
MOH-264,Forestview Transport - Field operations platform,Forestview Transport,Vivek Rao,AE-M24,Mid-Market,inbound,Negotiation,331000,331000,2025-10-09,2027-01-20,false,false,,Negotiation,new_business,Commit
MOH-265,Brookfield Global - Annual renewal,Brookfield Global,Damian Lowe,AE-SE11,Strategic Enterprise,outbound,Negotiation,2369000,2369000,2026-01-21,2026-11-10,false,false,,Negotiation - Vendor Risk,renewal,Commit
MOH-266,Keystone Logistics - Module expansion,Keystone Logistics,Wesley Hart,AE-E24,Enterprise,outbound,Negotiation,579000,579000,2025-11-28,2026-11-11,false,false,,Negotiation,expansion,Commit
MOH-267,Brookfield Retail - Fleet telemetry platform,Brookfield Retail,Adrian Moss,AE-M10,Mid-Market,inbound,Negotiation,278000,278000,2025-11-27,2026-12-11,false,false,,Negotiation,new_business,Commit
MOH-268,Frontier International - Workforce analytics,Frontier International,Imogen Price,AE-SE20,Strategic Enterprise,partner,Negotiation,1100000,1100000,2026-01-21,2026-12-03,false,false,,Negotiation,new_business,Commit
MOH-269,Ridgecrest Warehousing - Workforce analytics,Ridgecrest Warehousing,Ella West,AE-M23,Mid-Market,ae_self_gen,Negotiation,448000,448000,2026-03-10,2026-11-18,false,false,,Negotiation,new_business,Commit
MOH-270,Hilltop Services - Enterprise control plane,Hilltop Services,Farah Iqbal,AE-E07,Enterprise,inbound,Negotiation,812000,812000,2025-11-13,2026-12-25,false,false,,Negotiation,new_business,Commit
MOH-271,Bloomfield Management - Regional expansion,Bloomfield Management,Brielle Navarro,AE-M27,Mid-Market,inbound,Negotiation,330000,330000,2025-11-05,2027-01-01,false,false,,Negotiation,expansion,Commit
MOH-272,Stonegate Realty - Regional expansion,Stonegate Realty,Yusuf Bashir,AE-M04,Mid-Market,outbound,Negotiation,202000,202000,2025-10-24,2026-11-02,false,false,,Negotiation,expansion,Commit
MOH-273,Watershed Health Systems - Infrastructure modernization,Watershed Health Systems,Quentin Brooks,AE-E06,Enterprise,partner,Negotiation,645000,645000,2025-10-07,2027-01-06,false,false,,Negotiation,new_business,Commit
MOH-274,Consortium Logistics - Module expansion,Consortium Logistics,Rafael Costa,AE-M26,Mid-Market,partner,Negotiation,146000,146000,2025-10-30,2026-12-21,false,false,,Negotiation,expansion,Commit
MOH-275,Greenfield Trust - International expansion,Greenfield Trust,Helena Strauss,AE-SE12,Strategic Enterprise,outbound,Negotiation,3194000,3194000,2026-02-12,2026-11-05,false,false,,Negotiation,expansion,Commit
MOH-276,Zenith Utilities - Analytics renewal,Zenith Utilities,Leila Haddad,AE-E12,Enterprise,outbound,Negotiation,934000,934000,2025-12-29,2026-11-20,false,false,,Negotiation,renewal,Commit
MOH-277,Midland Systems - Fleet renewal,Midland Systems,Renee Gallagher,AE-E19,Enterprise,outbound,Negotiation,1018000,1018000,2025-09-17,2027-01-15,false,false,,Negotiation,renewal,Commit
MOH-278,Confluence Global - Usage expansion,Confluence Global,Helena Strauss,AE-SE12,Strategic Enterprise,partner,Negotiation,3364000,3364000,2026-01-28,2026-12-08,false,false,,Negotiation,expansion,Commit
MOH-279,Thunderbird Agency - Workforce analytics,Thunderbird Agency,Lena Ortiz,AE-M07,Mid-Market,ae_self_gen,Negotiation,241000,241000,2025-09-29,2027-01-19,false,false,,Negotiation,new_business,Commit
MOH-280,Federal Authority - Compliance automation suite,Federal Authority,Colin Avery,AE-E17,Enterprise,outbound,Negotiation,544000,544000,2026-01-28,2026-11-12,false,false,,Negotiation,new_business,Commit
MOH-281,Great Basin International - Enterprise renewal,Great Basin International,Mateo Esposito,AE-SE15,Strategic Enterprise,ae_self_gen,Negotiation,1909000,1909000,2025-10-21,2026-11-06,false,false,,Negotiation,renewal,Commit
MOH-282,Forestview Financial - Analytics foundation,Forestview Financial,Oscar Kim,AE-E11,Enterprise,inbound,Negotiation,985000,985000,2026-01-30,2027-01-19,false,false,,Negotiation,new_business,Commit
MOH-283,Cornerstone Water District - Add-on security module,Cornerstone Water District,Camille Durand,AE-E10,Enterprise,partner,Negotiation,777000,777000,2025-12-12,2026-12-21,false,false,,Negotiation,expansion,Commit
MOH-284,Cedarbrook Trust - Add-on security module,Cedarbrook Trust,Mateo Esposito,AE-SE15,Strategic Enterprise,outbound,Negotiation,1869000,1869000,2025-10-27,2026-11-23,false,false,,Negotiation,expansion,Commit
MOH-285,Clearwater Water District - Compliance automation suite,Clearwater Water District,Camille Durand,AE-E10,Enterprise,outbound,Negotiation,849000,849000,2025-10-28,2026-11-26,false,false,,Negotiation,new_business,Commit
MOH-286,Harborline Water District - Analytics renewal,Harborline Water District,Elena Morales,AE-E27,Enterprise,outbound,Negotiation,1132000,1132000,2026-01-22,2027-01-06,false,false,,Negotiation,renewal,Commit
MOH-287,Whitehall Consulting - Enterprise renewal,Whitehall Consulting,Rafael Costa,AE-M26,Mid-Market,inbound,Negotiation,361000,361000,2026-03-17,2026-11-24,false,false,,Negotiation,renewal,Commit
MOH-288,Thunderbird Energy - Operations renewal,Thunderbird Energy,Priya Raman,AE-E03,Enterprise,inbound,Negotiation,586000,586000,2025-10-29,2026-11-30,false,false,,Negotiation,renewal,Commit
MOH-289,Flagstone Transport - Analytics foundation,Flagstone Transport,Brielle Navarro,AE-M27,Mid-Market,ae_self_gen,Negotiation,265000,265000,2025-11-18,2026-12-25,false,false,,Negotiation,new_business,Commit
MOH-290,Hamilton Financial - Cross-sell analytics,Hamilton Financial,Farah Iqbal,AE-E07,Enterprise,inbound,Negotiation,1136000,1136000,2026-02-13,2026-12-08,false,false,,Negotiation,expansion,Commit
MOH-291,National Water District - Connectivity platform,National Water District,Oscar Kim,AE-E11,Enterprise,ae_self_gen,Negotiation,612000,612000,2026-01-28,2026-12-01,false,false,,Negotiation,new_business,Commit
MOH-292,Bloomfield Services - Fleet telemetry platform,Bloomfield Services,Simone Duarte,AE-E23,Enterprise,outbound,Negotiation,300000,300000,2025-09-05,2027-01-04,false,false,,Negotiation,new_business,Commit
MOH-293,Flagstone Water District - Cross-sell analytics,Flagstone Water District,Elise Romano,AE-E16,Enterprise,outbound,Negotiation,631000,631000,2026-02-04,2027-01-05,false,false,,Negotiation,expansion,Commit
MOH-294,Whitehall Logistics - Fleet telemetry expansion,Whitehall Logistics,Amina Hassan,AE-E33,Enterprise,inbound,Negotiation,1124000,1124000,2026-01-13,2027-01-21,false,false,,Negotiation,expansion,Commit
MOH-295,Rushmore Corporation - Secure operations cloud,Rushmore Corporation,Octavia Nguyen,AE-SE04,Strategic Enterprise,ae_self_gen,Negotiation,2449000,2449000,2025-09-04,2026-12-02,false,false,,Negotiation,new_business,Commit
MOH-296,Granite Peak Corporation - Secure operations cloud,Granite Peak Corporation,Octavia Nguyen,AE-SE04,Strategic Enterprise,partner,Negotiation,3108000,3108000,2025-11-17,2026-11-20,false,false,,Negotiation,new_business,Commit
MOH-297,Vanguard Financial - Analytics foundation,Vanguard Financial,Jada Collins,AE-E37,Enterprise,partner,Negotiation,751000,751000,2025-09-04,2026-12-07,false,false,,Negotiation,new_business,Commit
MOH-298,Blackwater Capital - Fleet telemetry platform,Blackwater Capital,Serena Calloway,AE-SE22,Strategic Enterprise,ae_self_gen,Negotiation,2500000,2500000,2026-01-30,2026-11-05,false,false,,Negotiation,new_business,Commit
MOH-299,Atlantic Management - Enterprise renewal,Atlantic Management,Roman Bell,AE-M22,Mid-Market,outbound,Negotiation,288000,288000,2026-04-08,2026-12-04,false,false,,Negotiation,renewal,Commit
MOH-300,Whitehall Agency - Workforce analytics,Whitehall Agency,Theo Mercer,AE-M28,Mid-Market,ae_self_gen,Negotiation,334000,334000,2026-02-03,2026-12-16,false,false,,Negotiation,new_business,Commit
MOH-301,Summit Bank - Infrastructure modernization,Summit Bank,Simone Duarte,AE-E23,Enterprise,inbound,Negotiation,447000,447000,2025-09-26,2026-12-21,false,false,,Negotiation,new_business,Commit
MOH-302,Thunderbird Distribution - Secure operations cloud,Thunderbird Distribution,Beatrix Holloway,AE-M03,Mid-Market,inbound,Negotiation,289000,289000,2025-12-03,2027-01-18,false,false,,Negotiation,new_business,Commit
MOH-303,Silvergate Warehousing - Global operations rollout,Silvergate Warehousing,Rafael Costa,AE-M26,Mid-Market,outbound,Negotiation,226000,226000,2025-12-29,2027-01-04,false,false,,Negotiation,new_business,Commit
MOH-304,Continental Global - Operations renewal,Continental Global,Helena Strauss,AE-SE12,Strategic Enterprise,outbound,Negotiation,2845000,2845000,2025-11-28,2026-12-30,false,false,,Negotiation,renewal,Commit
MOH-305,Heritage Transport - Module expansion,Heritage Transport,Theo Mercer,AE-M28,Mid-Market,ae_self_gen,Negotiation,335000,335000,2026-02-10,2027-01-13,false,false,,Negotiation,expansion,Commit
MOH-306,Bedrock Financial - Annual renewal,Bedrock Financial,Mira Lawson,AE-E21,Enterprise,ae_self_gen,Negotiation,818000,818000,2025-10-16,2026-12-24,false,false,,Negotiation,renewal,Commit
MOH-307,Thunderbird Systems - Network monitoring suite,Thunderbird Systems,Derek Salazar,AE-E02,Enterprise,partner,Negotiation,628000,628000,2025-09-04,2026-12-22,false,false,,Negotiation,new_business,Commit
MOH-308,Riverport Construction - International expansion,Riverport Construction,Esperanza Vega,AE-M05,Mid-Market,outbound,Negotiation,358000,358000,2026-02-17,2027-01-04,false,false,,Negotiation,expansion,Commit
MOH-309,Granite Peak Medical Center - Global operations rollout,Granite Peak Medical Center,Colin Avery,AE-E17,Enterprise,outbound,Negotiation,922000,922000,2026-02-16,2027-01-20,false,false,,Negotiation,new_business,Commit
MOH-310,Arcturus Retail - Enterprise control plane,Arcturus Retail,Pablo Serrano,AE-M12,Mid-Market,outbound,Negotiation,274000,274000,2025-12-17,2026-11-10,false,false,,Negotiation,new_business,Commit
MOH-311,Brookfield Supply - Module expansion,Brookfield Supply,Lena Ortiz,AE-M07,Mid-Market,partner,Negotiation,313000,313000,2025-11-11,2027-01-21,false,false,,Negotiation,expansion,Commit
MOH-312,Creekside Financial - Enterprise renewal,Creekside Financial,Ethan Cross,AE-E08,Enterprise,outbound,Negotiation,930000,930000,2025-10-09,2026-11-11,false,false,,Negotiation,renewal,Commit
MOH-313,National Health Systems - Fleet renewal,National Health Systems,Jonas Lee,AE-E04,Enterprise,partner,Negotiation,1222000,1222000,2025-12-11,2027-01-06,false,false,,Negotiation,renewal,Commit
MOH-314,Coalition Financial - Fleet telemetry expansion,Coalition Financial,Jada Collins,AE-E37,Enterprise,partner,Negotiation,671000,671000,2025-09-04,2027-01-14,false,false,,Negotiation,expansion,Commit
MOH-315,North Coast Distribution - Add-on security module,North Coast Distribution,Ella West,AE-M23,Mid-Market,ae_self_gen,Closed Won,304000,304000,2025-06-10,2026-03-13,true,true,,Closed Won,expansion,Closed
MOH-316,Copper State Global - Platform renewal,Copper State Global,Theron Whitmore,AE-SE05,Strategic Enterprise,ae_self_gen,Closed Won,2933000,2933000,2025-07-31,2026-04-15,true,true,,Closed Won,renewal,Closed
MOH-317,Oakdale Authority - Field operations platform,Oakdale Authority,Isaac Moreno,AE-E36,Enterprise,inbound,Closed Won,648000,648000,2025-06-02,2026-04-20,true,true,,Closed Won,new_business,Closed
MOH-318,Rushmore Systems - Analytics renewal,Rushmore Systems,Priyanka Sen,AE-E39,Enterprise,outbound,Closed Won,621000,621000,2026-02-25,2026-03-31,true,true,,Closed Won,renewal,Closed
MOH-319,Continental Commerce - Workforce analytics,Continental Commerce,Beatrix Holloway,AE-M03,Mid-Market,outbound,Closed Won,232000,232000,2025-10-17,2026-03-20,true,true,,Closed Won,new_business,Closed
MOH-320,Westfield Realty - Supply chain visibility,Westfield Realty,Omar Haddad,AE-M08,Mid-Market,outbound,Closed Won,210000,210000,2025-08-13,2026-02-05,true,true,,Closed Won,new_business,Closed
MOH-321,Oakdale Construction - Add-on security module,Oakdale Construction,Ella West,AE-M23,Mid-Market,outbound,Closed Won,213000,213000,2025-07-31,2026-05-01,true,true,,Closed Won,expansion,Closed
MOH-322,Highpoint Water District - Data governance layer,Highpoint Water District,Mira Lawson,AE-E21,Enterprise,partner,Closed Won,987000,987000,2026-01-30,2026-05-01,true,true,,Closed Won,new_business,Closed
MOH-323,Madison Medical Center - Division rollout,Madison Medical Center,Jonas Lee,AE-E04,Enterprise,partner,Closed Won,455000,455000,2026-02-26,2026-04-20,true,true,,Closed Won,expansion,Closed
MOH-324,Harborline Authority - Add-on security module,Harborline Authority,Dev Kapoor,AE-E26,Enterprise,outbound,Closed Won,1051000,1051000,2025-08-21,2026-04-28,true,true,,Closed Won,expansion,Closed
MOH-325,Tri-State Authority - Fleet telemetry platform,Tri-State Authority,Amelia Foster,AE-E05,Enterprise,inbound,Closed Won,1007000,1007000,2025-12-02,2026-02-20,true,true,,Closed Won,new_business,Closed
MOH-326,Lakewood Global - Infrastructure renewal,Lakewood Global,Lucien Dubois,AE-SE07,Strategic Enterprise,ae_self_gen,Closed Won,1281000,1281000,2026-01-27,2026-02-23,true,true,,Closed Won,renewal,Closed
MOH-327,National Enterprises - Supply chain visibility,National Enterprises,Reginald Tannen,AE-SE02,Strategic Enterprise,inbound,Closed Won,1671000,1671000,2025-12-16,2026-05-01,true,true,,Closed Won,new_business,Closed
MOH-328,Midland Supply - Workforce analytics,Midland Supply,Tori Nguyen,AE-M11,Mid-Market,inbound,Closed Won,362000,362000,2026-01-09,2026-05-01,true,true,,Closed Won,new_business,Closed
MOH-329,Southport Properties - Security operations center,Southport Properties,Adrian Moss,AE-M10,Mid-Market,outbound,Closed Won,98000,98000,2025-10-08,2026-05-01,true,true,,Closed Won,new_business,Closed
MOH-330,Pacific Water District - Security operations center,Pacific Water District,Jada Collins,AE-E37,Enterprise,ae_self_gen,Closed Won,392000,392000,2025-08-01,2026-04-06,true,true,,Closed Won,new_business,Closed
MOH-331,Partners Capital - Data governance layer,Partners Capital,Mireille Bouvier,AE-SE03,Strategic Enterprise,partner,Closed Won,2870000,2870000,2026-01-23,2026-04-23,true,true,,Closed Won,new_business,Closed
MOH-332,Oakdale Enterprises - Infrastructure renewal,Oakdale Enterprises,Basil Okafor,AE-SE25,Strategic Enterprise,inbound,Closed Won,3610000,3610000,2025-08-06,2026-03-18,true,true,,Closed Won,renewal,Closed
MOH-333,Apex Technologies - Risk management fabric,Apex Technologies,Oscar Kim,AE-E11,Enterprise,outbound,Closed Won,1182000,1182000,2025-12-17,2026-02-03,true,true,,Closed Won,new_business,Closed
MOH-334,Zenith Global - Infrastructure modernization,Zenith Global,Rohan Bedi,AE-SE13,Strategic Enterprise,outbound,Closed Won,1500000,1500000,2026-01-29,2026-03-25,true,true,,Closed Won,new_business,Closed
MOH-335,Bloomfield Networks - Fleet telemetry platform,Bloomfield Networks,Hannah Greer,AE-E29,Enterprise,outbound,Closed Won,742000,742000,2025-12-03,2026-03-04,true,true,,Closed Won,new_business,Closed
MOH-336,Hamilton Management - Seat expansion,Hamilton Management,Pablo Serrano,AE-M12,Mid-Market,partner,Closed Won,329000,329000,2025-09-29,2026-03-26,true,true,,Closed Won,expansion,Closed
MOH-337,Stonegate Global - Analytics foundation,Stonegate Global,Marisol Vega,AE-SE10,Strategic Enterprise,outbound,Closed Won,2733000,2733000,2025-09-26,2026-03-04,true,true,,Closed Won,new_business,Closed
MOH-338,Watershed Technologies - Security operations center,Watershed Technologies,Amelia Foster,AE-E05,Enterprise,outbound,Closed Won,1358000,1358000,2026-03-26,2026-04-23,true,true,,Closed Won,new_business,Closed
MOH-339,Rushmore Authority - Operations renewal,Rushmore Authority,Colin Avery,AE-E17,Enterprise,partner,Closed Won,809000,809000,2026-03-13,2026-04-30,true,true,,Closed Won,renewal,Closed
MOH-340,Bloomfield Authority - Operations renewal,Bloomfield Authority,Amina Hassan,AE-E33,Enterprise,partner,Closed Won,774000,774000,2025-10-07,2026-02-19,true,true,,Closed Won,renewal,Closed
MOH-341,Continental Systems - Cross-sell analytics,Continental Systems,Jonas Lee,AE-E04,Enterprise,outbound,Closed Won,969000,969000,2025-10-14,2026-04-13,true,true,,Closed Won,expansion,Closed
MOH-342,Eagle Rock Distribution - Cross-sell analytics,Eagle Rock Distribution,Geoffrey Baxter,AE-M06,Mid-Market,outbound,Closed Won,223000,223000,2025-11-28,2026-03-05,true,true,,Closed Won,expansion,Closed
MOH-343,Brookfield Enterprises - Analytics foundation,Brookfield Enterprises,Vivica Hale,AE-SE14,Strategic Enterprise,partner,Closed Won,1619000,1619000,2025-07-11,2026-05-01,true,true,,Closed Won,new_business,Closed
MOH-344,Tri-State Capital - Supply chain visibility,Tri-State Capital,Serena Calloway,AE-SE22,Strategic Enterprise,ae_self_gen,Closed Won,3555000,3555000,2025-12-29,2026-02-20,true,true,,Closed Won,new_business,Closed
MOH-345,Cedarbrook Commerce - Fleet telemetry platform,Cedarbrook Commerce,Mina Patel,AE-M15,Mid-Market,outbound,Closed Won,339000,339000,2025-12-25,2026-03-02,true,true,,Closed Won,new_business,Closed
MOH-346,Pinnacle Consulting - Risk management fabric,Pinnacle Consulting,Zoe Larkin,AE-M17,Mid-Market,outbound,Closed Won,235000,235000,2025-09-08,2026-02-09,true,true,,Closed Won,new_business,Closed
MOH-347,Elite International - Enterprise renewal,Elite International,Imogen Price,AE-SE20,Strategic Enterprise,partner,Closed Won,2593000,2593000,2025-09-25,2026-03-02,true,true,,Closed Won,renewal,Closed
MOH-348,Great Basin Supply - Global operations rollout,Great Basin Supply,Adrian Moss,AE-M10,Mid-Market,ae_self_gen,Closed Won,148000,148000,2025-06-30,2026-05-01,true,true,,Closed Won,new_business,Closed
MOH-349,Lincoln Realty - Annual renewal,Lincoln Realty,Tori Nguyen,AE-M11,Mid-Market,ae_self_gen,Closed Won,318000,318000,2026-02-20,2026-03-17,true,true,,Closed Won,renewal,Closed
MOH-350,Jefferson Networks - Fleet renewal,Jefferson Networks,Dev Kapoor,AE-E26,Enterprise,inbound,Closed Won,607000,607000,2025-12-29,2026-05-01,true,true,,Closed Won,renewal,Closed
MOH-351,Flagstone Freight - Workforce analytics,Flagstone Freight,Amina Hassan,AE-E33,Enterprise,outbound,Closed Won,613000,613000,2025-10-08,2026-02-19,true,true,,Closed Won,new_business,Closed
MOH-352,Greenvale Trust - Workforce analytics,Greenvale Trust,Mireille Bouvier,AE-SE03,Strategic Enterprise,ae_self_gen,Closed Won,2537000,2537000,2025-11-14,2026-04-15,true,true,,Closed Won,new_business,Closed
MOH-353,Highpoint Enterprises - Seat expansion,Highpoint Enterprises,Mateo Esposito,AE-SE15,Strategic Enterprise,inbound,Closed Won,2952000,2952000,2025-08-27,2026-04-20,true,true,,Closed Won,expansion,Closed
MOH-354,Hilltop Capital - Compliance automation suite,Hilltop Capital,Imogen Price,AE-SE20,Strategic Enterprise,inbound,Closed Won,3535000,3535000,2025-10-23,2026-05-01,true,true,,Closed Won,new_business,Closed
MOH-355,Cascade Solutions - International expansion,Cascade Solutions,Nicole Bauer,AE-E31,Enterprise,ae_self_gen,Closed Won,986000,986000,2025-06-27,2026-05-01,true,true,,Closed Won,expansion,Closed
MOH-356,Frontier Engineering - Usage expansion,Frontier Engineering,June Holloway,AE-M25,Mid-Market,outbound,Closed Won,209000,209000,2025-10-22,2026-03-02,true,true,,Closed Won,expansion,Closed
MOH-357,Atlantic Global - Analytics foundation,Atlantic Global,Octavia Nguyen,AE-SE04,Strategic Enterprise,ae_self_gen,Closed Won,2547000,2547000,2025-07-28,2026-05-01,true,true,,Closed Won,new_business,Closed
MOH-358,Vanguard Freight - Connectivity platform,Vanguard Freight,Quentin Brooks,AE-E06,Enterprise,outbound,Closed Won,1140000,1140000,2025-06-27,2026-04-08,true,true,,Closed Won,new_business,Closed
MOH-359,Monroe Medical Center - Cross-sell analytics,Monroe Medical Center,Simone Duarte,AE-E23,Enterprise,partner,Closed Won,1005000,1005000,2025-09-05,2026-04-01,true,true,,Closed Won,expansion,Closed
MOH-360,Summit Retail - Fleet renewal,Summit Retail,Rafael Dunn,AE-M14,Mid-Market,outbound,Closed Won,287000,287000,2026-01-27,2026-02-11,true,true,,Closed Won,renewal,Closed
MOH-361,Vertex Management - Regional expansion,Vertex Management,Pablo Serrano,AE-M12,Mid-Market,partner,Closed Won,432000,432000,2025-09-30,2026-02-16,true,true,,Closed Won,expansion,Closed
MOH-362,Five-Star Group - Annual renewal,Five-Star Group,Theron Whitmore,AE-SE05,Strategic Enterprise,outbound,Closed Won,2905000,2905000,2025-10-08,2026-02-27,true,true,,Closed Won,renewal,Closed
MOH-363,Federal Bank - Division rollout,Federal Bank,Amina Hassan,AE-E33,Enterprise,inbound,Closed Won,666000,666000,2025-08-27,2026-03-10,true,true,,Closed Won,expansion,Closed
MOH-364,Forestview Solutions - Enterprise control plane,Forestview Solutions,Simone Duarte,AE-E23,Enterprise,outbound,Closed Won,300000,300000,2025-12-01,2026-05-01,true,true,,Closed Won,new_business,Closed
MOH-365,Northfield Freight - Fleet renewal,Northfield Freight,Victor Chen,AE-E20,Enterprise,outbound,Closed Won,345000,345000,2026-01-23,2026-03-31,true,true,,Closed Won,renewal,Closed
MOH-366,Pacific Utilities - Compliance automation suite,Pacific Utilities,Wesley Hart,AE-E24,Enterprise,outbound,Closed Won,978000,978000,2025-07-25,2026-03-13,true,true,,Closed Won,new_business,Closed
MOH-367,Oakdale Transport - Data governance layer,Oakdale Transport,Brielle Navarro,AE-M27,Mid-Market,partner,Closed Won,280000,280000,2026-03-25,2026-04-21,true,true,,Closed Won,new_business,Closed
MOH-368,Heritage Holdings - International expansion,Heritage Holdings,Kaela Ondieki,AE-SE06,Strategic Enterprise,ae_self_gen,Closed Won,1100000,1100000,2026-01-29,2026-02-26,true,true,,Closed Won,expansion,Closed
MOH-369,Copper State Commerce - Module expansion,Copper State Commerce,Adrian Moss,AE-M10,Mid-Market,ae_self_gen,Closed Won,127000,127000,2025-11-12,2026-04-07,true,true,,Closed Won,expansion,Closed
MOH-370,Fairfield Medical Center - Fleet renewal,Fairfield Medical Center,Hannah Greer,AE-E29,Enterprise,inbound,Closed Won,644000,644000,2025-10-21,2026-03-19,true,true,,Closed Won,renewal,Closed
MOH-371,Continental International - Field operations platform,Continental International,Basil Okafor,AE-SE25,Strategic Enterprise,ae_self_gen,Closed Won,2453000,2453000,2025-07-08,2026-02-13,true,true,,Closed Won,new_business,Closed
MOH-372,Westbrook Systems - Cross-sell analytics,Westbrook Systems,Sean Holloway,AE-E32,Enterprise,outbound,Closed Won,1115000,1115000,2026-01-09,2026-04-09,true,true,,Closed Won,expansion,Closed
MOH-373,Summit Ridge Partners - Security operations center,Summit Ridge Partners,Naomi Sato,AE-SE18,Strategic Enterprise,partner,Closed Won,2524000,2524000,2025-06-27,2026-03-13,true,true,,Closed Won,new_business,Closed
MOH-374,North Coast Networks - Security operations center,North Coast Networks,Farah Iqbal,AE-E07,Enterprise,inbound,Closed Won,1102000,1102000,2025-12-05,2026-04-15,true,true,,Closed Won,new_business,Closed
MOH-375,Whitehall Industries - Regional expansion,Whitehall Industries,Reginald Tannen,AE-SE02,Strategic Enterprise,outbound,Closed Won,2158000,2158000,2025-12-02,2026-03-20,true,true,,Closed Won,expansion,Closed
MOH-376,Blackwater Group - Analytics foundation,Blackwater Group,Victor Laurent,AE-SE19,Strategic Enterprise,inbound,Closed Won,2892000,2892000,2025-10-14,2026-03-17,true,true,,Closed Won,new_business,Closed
MOH-377,Summit Ridge Financial - Analytics renewal,Summit Ridge Financial,Ethan Cross,AE-E08,Enterprise,ae_self_gen,Closed Won,529000,529000,2025-08-28,2026-04-07,true,true,,Closed Won,renewal,Closed
MOH-378,Frontier Design - Network monitoring suite,Frontier Design,Kelsey Draper,AE-M09,Mid-Market,outbound,Closed Won,276000,276000,2025-11-04,2026-05-01,true,true,,Closed Won,new_business,Closed
MOH-379,Silvergate Construction - Regional expansion,Silvergate Construction,Yusuf Bashir,AE-M04,Mid-Market,outbound,Closed Won,220000,220000,2026-01-30,2026-04-06,true,true,,Closed Won,expansion,Closed
MOH-380,Falcon Ridge Health Systems - Enterprise control plane,Falcon Ridge Health Systems,Tyler Mbeki,AE-E30,Enterprise,ae_self_gen,Closed Won,532000,532000,2026-01-27,2026-04-03,true,true,,Closed Won,new_business,Closed
MOH-381,Arcturus Health Systems - Connectivity platform,Arcturus Health Systems,Tara Sullivan,AE-E25,Enterprise,ae_self_gen,Closed Won,804000,804000,2025-10-20,2026-03-05,true,true,,Closed Won,new_business,Closed
MOH-382,Lakefront International - Data governance layer,Lakefront International,Theron Whitmore,AE-SE05,Strategic Enterprise,outbound,Closed Won,2428000,2428000,2025-07-29,2026-05-01,true,true,,Closed Won,new_business,Closed
MOH-383,Capstone Logistics - Connectivity platform,Capstone Logistics,Colin Avery,AE-E17,Enterprise,outbound,Closed Won,867000,867000,2025-11-20,2026-02-11,true,true,,Closed Won,new_business,Closed
MOH-384,Tri-State Bank - Fleet telemetry expansion,Tri-State Bank,Derek Salazar,AE-E02,Enterprise,outbound,Closed Won,752000,752000,2026-02-17,2026-03-10,true,true,,Closed Won,expansion,Closed
MOH-385,Frontier Freight - Enterprise control plane,Frontier Freight,Brennan Cole,AE-E13,Enterprise,inbound,Closed Won,540000,540000,2025-12-10,2026-03-04,true,true,,Closed Won,new_business,Closed
MOH-386,Riverdale Networks - Fleet renewal,Riverdale Networks,Victor Chen,AE-E20,Enterprise,outbound,Closed Won,972000,972000,2025-07-18,2026-03-09,true,true,,Closed Won,renewal,Closed
MOH-387,Meadowbrook Logistics - Fleet renewal,Meadowbrook Logistics,Roman Bell,AE-M22,Mid-Market,outbound,Closed Won,253000,253000,2025-12-19,2026-04-08,true,true,,Closed Won,renewal,Closed
MOH-388,Vertex Systems - Infrastructure modernization,Vertex Systems,Leila Haddad,AE-E12,Enterprise,outbound,Closed Won,986000,986000,2025-07-15,2026-03-27,true,true,,Closed Won,new_business,Closed
MOH-389,Southport Financial - Supply chain visibility,Southport Financial,Sasha Petrov,AE-E18,Enterprise,partner,Closed Won,792000,792000,2025-10-28,2026-05-01,true,true,,Closed Won,new_business,Closed
MOH-390,Ironwood Construction - Operations renewal,Ironwood Construction,Tori Nguyen,AE-M11,Mid-Market,outbound,Closed Won,286000,286000,2025-10-06,2026-03-30,true,true,,Closed Won,renewal,Closed
MOH-391,Westbrook Supply - Risk management fabric,Westbrook Supply,Rafael Dunn,AE-M14,Mid-Market,ae_self_gen,Closed Won,274000,274000,2025-09-03,2026-02-06,true,true,,Closed Won,new_business,Closed
MOH-392,Springfield Retail - Analytics foundation,Springfield Retail,Kelsey Draper,AE-M09,Mid-Market,ae_self_gen,Closed Won,137000,137000,2025-08-04,2026-04-08,true,true,,Closed Won,new_business,Closed
MOH-393,Monroe Financial - Fleet renewal,Monroe Financial,Renee Gallagher,AE-E19,Enterprise,ae_self_gen,Closed Won,794000,794000,2025-12-15,2026-03-25,true,true,,Closed Won,renewal,Closed
MOH-394,Apex Agency - Control plane expansion,Apex Agency,Rafael Costa,AE-M26,Mid-Market,partner,Closed Won,287000,287000,2025-09-30,2026-03-10,true,true,,Closed Won,expansion,Closed
MOH-395,Atlas Engineering - Usage expansion,Atlas Engineering,Mason Liu,AE-M20,Mid-Market,partner,Closed Won,284000,284000,2025-08-07,2026-02-12,true,true,,Closed Won,expansion,Closed
MOH-396,Ridgecrest Construction - Seat expansion,Ridgecrest Construction,Omar Haddad,AE-M08,Mid-Market,outbound,Closed Won,311000,311000,2025-12-04,2026-03-17,true,true,,Closed Won,expansion,Closed
MOH-397,Consortium Holdings - Security operations center,Consortium Holdings,Solene Matsuoka,AE-SE08,Strategic Enterprise,inbound,Closed Won,3500000,3500000,2026-02-25,2026-03-13,true,true,,Closed Won,new_business,Closed
MOH-398,Pinnacle Management - Global operations rollout,Pinnacle Management,Rafael Dunn,AE-M14,Mid-Market,partner,Closed Won,236000,236000,2025-10-31,2026-04-16,true,true,,Closed Won,new_business,Closed
MOH-399,Atlantic Engineering - Security operations center,Atlantic Engineering,Theo Mercer,AE-M28,Mid-Market,inbound,Closed Won,302000,302000,2025-06-02,2026-03-16,true,true,,Closed Won,new_business,Closed
MOH-400,Pinnacle Distribution - Analytics renewal,Pinnacle Distribution,Zoe Larkin,AE-M17,Mid-Market,partner,Closed Won,428000,428000,2025-09-11,2026-05-01,true,true,,Closed Won,renewal,Closed
MOH-401,Redstone International - Regional expansion,Redstone International,Serena Calloway,AE-SE22,Strategic Enterprise,outbound,Closed Won,1794000,1794000,2025-07-21,2026-05-01,true,true,,Closed Won,expansion,Closed
MOH-402,Elite Water District - Seat expansion,Elite Water District,Derek Salazar,AE-E02,Enterprise,outbound,Closed Won,1098000,1098000,2025-07-09,2026-03-05,true,true,,Closed Won,expansion,Closed
MOH-403,Capstone Properties - Infrastructure renewal,Capstone Properties,Rafael Costa,AE-M26,Mid-Market,outbound,Closed Won,391000,391000,2025-12-05,2026-02-06,true,true,,Closed Won,renewal,Closed
MOH-404,Pinnacle Properties - Annual renewal,Pinnacle Properties,Dana Cooper,AE-M21,Mid-Market,outbound,Closed Won,239000,239000,2025-10-08,2026-03-26,true,true,,Closed Won,renewal,Closed
MOH-405,Summit Ridge Management - Security operations center,Summit Ridge Management,Geoffrey Baxter,AE-M06,Mid-Market,partner,Closed Won,287000,287000,2025-11-26,2026-04-07,true,true,,Closed Won,new_business,Closed
MOH-406,Covenant Engineering - Seat expansion,Covenant Engineering,Indira Vasquez,AE-M01,Mid-Market,inbound,Closed Won,274000,274000,2025-10-24,2026-04-17,true,true,,Closed Won,expansion,Closed
MOH-407,Capstone Industries - Operations renewal,Capstone Industries,Marisol Vega,AE-SE10,Strategic Enterprise,ae_self_gen,Closed Won,4698000,4698000,2025-09-15,2026-03-09,true,true,,Closed Won,renewal,Closed
MOH-408,Ironwood Corporation - Risk management fabric,Ironwood Corporation,Elias Mercer,AE-SE17,Strategic Enterprise,ae_self_gen,Closed Won,3489000,3489000,2025-08-26,2026-03-30,true,true,,Closed Won,new_business,Closed
MOH-409,Zenith Water District - Field operations platform,Zenith Water District,Wesley Hart,AE-E24,Enterprise,partner,Closed Won,417000,417000,2025-10-07,2026-02-23,true,true,,Closed Won,new_business,Closed
MOH-410,Westbrook Utilities - Fleet telemetry expansion,Westbrook Utilities,Amina Hassan,AE-E33,Enterprise,partner,Closed Won,737000,737000,2025-06-30,2026-03-11,true,true,,Closed Won,expansion,Closed
MOH-411,Watershed Financial - Data governance layer,Watershed Financial,Tara Sullivan,AE-E25,Enterprise,ae_self_gen,Closed Won,1184000,1184000,2025-08-12,2026-03-23,true,true,,Closed Won,new_business,Closed
MOH-412,Federal International - Field operations platform,Federal International,Kaela Ondieki,AE-SE06,Strategic Enterprise,outbound,Closed Won,1378000,1378000,2026-01-02,2026-02-18,true,true,,Closed Won,new_business,Closed
MOH-413,National Freight - Global operations rollout,National Freight,Jonas Lee,AE-E04,Enterprise,inbound,Closed Won,500000,500000,2025-07-28,2026-03-02,true,true,,Closed Won,new_business,Closed
MOH-414,Copper State International - Field operations platform,Copper State International,Naomi Sato,AE-SE18,Strategic Enterprise,ae_self_gen,Closed Won,2067000,2067000,2025-07-09,2026-03-20,true,true,,Closed Won,new_business,Closed
MOH-415,Ridgecrest Energy - Control plane expansion,Ridgecrest Energy,Marcus Flynn,AE-E28,Enterprise,partner,Closed Won,1068000,1068000,2025-10-23,2026-02-06,true,true,,Closed Won,expansion,Closed
MOH-416,Creekside Properties - Add-on security module,Creekside Properties,Mina Patel,AE-M15,Mid-Market,outbound,Closed Won,231000,231000,2025-10-22,2026-02-25,true,true,,Closed Won,expansion,Closed
MOH-417,Hilltop Distribution - Platform renewal,Hilltop Distribution,Lena Ortiz,AE-M07,Mid-Market,outbound,Closed Won,353000,353000,2026-03-03,2026-03-20,true,true,,Closed Won,renewal,Closed
MOH-418,Redstone Logistics - Analytics foundation,Redstone Logistics,Sasha Petrov,AE-E18,Enterprise,ae_self_gen,Closed Won,1181000,1181000,2026-01-28,2026-03-06,true,true,,Closed Won,new_business,Closed
MOH-419,Lakefront Design - Risk management fabric,Lakefront Design,Rafael Dunn,AE-M14,Mid-Market,inbound,Closed Won,114000,114000,2025-09-01,2026-02-05,true,true,,Closed Won,new_business,Closed
MOH-420,Zenith Design - Annual renewal,Zenith Design,Pablo Serrano,AE-M12,Mid-Market,ae_self_gen,Closed Won,174000,174000,2025-11-18,2026-03-26,true,true,,Closed Won,renewal,Closed
MOH-421,Pacific Construction - Enterprise renewal,Pacific Construction,Geoffrey Baxter,AE-M06,Mid-Market,outbound,Closed Won,304000,304000,2025-10-13,2026-04-15,true,true,,Closed Won,renewal,Closed
MOH-422,Elite Networks - Regional expansion,Elite Networks,Brennan Cole,AE-E13,Enterprise,outbound,Closed Won,584000,584000,2025-11-25,2026-02-11,true,true,,Closed Won,expansion,Closed
MOH-423,Confluence Design - Risk management fabric,Confluence Design,Vivek Rao,AE-M24,Mid-Market,inbound,Closed Won,166000,166000,2026-02-16,2026-05-01,true,true,,Closed Won,new_business,Closed
MOH-424,Brookfield Logistics - Usage expansion,Brookfield Logistics,Omar Haddad,AE-M08,Mid-Market,partner,Closed Won,250000,250000,2025-09-26,2026-04-10,true,true,,Closed Won,expansion,Closed
MOH-425,Thunderbird Properties - Enterprise control plane,Thunderbird Properties,Omar Haddad,AE-M08,Mid-Market,ae_self_gen,Closed Won,270000,270000,2025-08-11,2026-02-06,true,true,,Closed Won,new_business,Closed
MOH-426,Westfield Medical Center - Supply chain visibility,Westfield Medical Center,Elise Romano,AE-E16,Enterprise,outbound,Closed Won,984000,984000,2025-08-08,2026-05-01,true,true,,Closed Won,new_business,Closed
MOH-427,Premier Utilities - Enterprise renewal,Premier Utilities,Lucia Barrett,AE-E35,Enterprise,inbound,Closed Won,917000,917000,2025-09-30,2026-04-15,true,true,,Closed Won,renewal,Closed
MOH-428,Westbrook Bank - Enterprise renewal,Westbrook Bank,Talia Mercer,AE-E14,Enterprise,inbound,Closed Won,657000,657000,2025-07-22,2026-03-09,true,true,,Closed Won,renewal,Closed
MOH-429,Meridian Systems - Security operations center,Meridian Systems,Farah Iqbal,AE-E07,Enterprise,outbound,Closed Won,854000,854000,2025-11-05,2026-04-22,true,true,,Closed Won,new_business,Closed
MOH-430,Westbrook Retail - Field operations platform,Westbrook Retail,Indira Vasquez,AE-M01,Mid-Market,outbound,Closed Won,298000,298000,2025-08-21,2026-05-01,true,true,,Closed Won,new_business,Closed
MOH-431,Copper State Logistics - Global operations rollout,Copper State Logistics,June Holloway,AE-M25,Mid-Market,inbound,Closed Won,407000,407000,2025-08-21,2026-02-18,true,true,,Closed Won,new_business,Closed
MOH-432,Ridgecrest Water District - Supply chain visibility,Ridgecrest Water District,Wesley Hart,AE-E24,Enterprise,outbound,Closed Won,1131000,1131000,2025-06-26,2026-03-24,true,true,,Closed Won,new_business,Closed
MOH-433,Pinnacle Financial - Infrastructure renewal,Pinnacle Financial,Quentin Brooks,AE-E06,Enterprise,outbound,Closed Won,734000,734000,2025-12-31,2026-02-24,true,true,,Closed Won,renewal,Closed
MOH-434,Continental Health Systems - Operations renewal,Continental Health Systems,Dev Kapoor,AE-E26,Enterprise,outbound,Closed Won,1149000,1149000,2026-02-06,2026-03-10,true,true,,Closed Won,renewal,Closed
MOH-435,Alliance Solutions - Risk management fabric,Alliance Solutions,Ethan Cross,AE-E08,Enterprise,outbound,Closed Won,692000,692000,2025-10-28,2026-04-30,true,true,,Closed Won,new_business,Closed
MOH-436,Great Basin Engineering - Network monitoring suite,Great Basin Engineering,Mina Patel,AE-M15,Mid-Market,ae_self_gen,Closed Won,384000,384000,2025-10-17,2026-02-13,true,true,,Closed Won,new_business,Closed
MOH-437,Consortium Group - Fleet telemetry platform,Consortium Group,Naomi Sato,AE-SE18,Strategic Enterprise,outbound,Closed Won,1100000,1100000,2026-03-30,2026-04-20,true,true,,Closed Won,new_business,Closed
MOH-438,Madison Solutions - Secure operations cloud,Madison Solutions,Sean Holloway,AE-E32,Enterprise,inbound,Closed Won,1514000,1514000,2025-09-22,2026-03-19,true,true,,Closed Won,new_business,Closed
MOH-439,Vertex Group - Connectivity platform,Vertex Group,Mateo Esposito,AE-SE15,Strategic Enterprise,outbound,Closed Won,2218000,2218000,2025-09-18,2026-04-21,true,true,,Closed Won,new_business,Closed
MOH-440,Meridian Logistics - Supply chain visibility,Meridian Logistics,Rafael Costa,AE-M26,Mid-Market,inbound,Closed Won,399000,399000,2025-07-17,2026-03-13,true,true,,Closed Won,new_business,Closed
MOH-441,Cedarbrook Utilities - Annual renewal,Cedarbrook Utilities,Simone Duarte,AE-E23,Enterprise,inbound,Closed Won,772000,772000,2025-07-25,2026-03-18,true,true,,Closed Won,renewal,Closed
MOH-442,Cascade Technologies - Fleet renewal,Cascade Technologies,Hannah Greer,AE-E29,Enterprise,partner,Closed Won,1191000,1191000,2025-06-10,2026-02-10,true,true,,Closed Won,renewal,Closed
MOH-443,Flagstone Global - Data governance layer,Flagstone Global,Damian Lowe,AE-SE11,Strategic Enterprise,outbound,Closed Won,2324000,2324000,2025-07-14,2026-02-12,true,true,,Closed Won,new_business,Closed
MOH-444,Federal Medical Center - Enterprise control plane,Federal Medical Center,Priya Raman,AE-E03,Enterprise,inbound,Closed Won,1058000,1058000,2025-06-16,2026-04-14,true,true,,Closed Won,new_business,Closed
MOH-445,Eastbrook Utilities - Security operations center,Eastbrook Utilities,Priya Raman,AE-E03,Enterprise,ae_self_gen,Closed Won,451000,451000,2025-07-04,2026-04-07,true,true,,Closed Won,new_business,Closed
MOH-446,Greenfield Construction - Infrastructure renewal,Greenfield Construction,Vivek Rao,AE-M24,Mid-Market,outbound,Closed Won,211000,211000,2025-09-03,2026-05-01,true,true,,Closed Won,renewal,Closed
MOH-447,Cascade Distribution - Analytics foundation,Cascade Distribution,Tori Nguyen,AE-M11,Mid-Market,inbound,Closed Won,90000,90000,2026-01-26,2026-03-05,true,true,,Closed Won,new_business,Closed
MOH-448,Madison Systems - Supply chain visibility,Madison Systems,Julian Park,AE-E22,Enterprise,partner,Closed Won,770000,770000,2025-11-10,2026-02-26,true,true,,Closed Won,new_business,Closed
MOH-449,Vanguard Construction - Analytics renewal,Vanguard Construction,Rafael Costa,AE-M26,Mid-Market,outbound,Closed Won,252000,252000,2025-11-05,2026-02-03,true,true,,Closed Won,renewal,Closed
MOH-450,Blackwater Enterprises - Fleet renewal,Blackwater Enterprises,Imogen Price,AE-SE20,Strategic Enterprise,outbound,Closed Won,4032000,4032000,2025-11-17,2026-03-26,true,true,,Closed Won,renewal,Closed
MOH-451,Hilltop Construction - Supply chain visibility,Hilltop Construction,Beatrix Holloway,AE-M03,Mid-Market,partner,Closed Won,270000,270000,2025-09-25,2026-05-01,true,true,,Closed Won,new_business,Closed
MOH-452,Oakdale Trust - Field operations platform,Oakdale Trust,Serena Calloway,AE-SE22,Strategic Enterprise,inbound,Closed Won,1990000,1990000,2025-07-01,2026-02-27,true,true,,Closed Won,new_business,Closed
MOH-453,Bloomfield Distribution - Security operations center,Bloomfield Distribution,June Holloway,AE-M25,Mid-Market,inbound,Closed Won,138000,138000,2026-02-16,2026-05-01,true,true,,Closed Won,new_business,Closed
MOH-454,Vanguard Enterprises - Data governance layer,Vanguard Enterprises,Marisol Vega,AE-SE10,Strategic Enterprise,ae_self_gen,Closed Won,3452000,3452000,2025-07-02,2026-03-06,true,true,,Closed Won,new_business,Closed
MOH-455,Palisade Partners - Secure operations cloud,Palisade Partners,Priyam Shah,AE-SE23,Strategic Enterprise,inbound,Closed Won,1841000,1841000,2026-02-10,2026-03-26,true,true,,Closed Won,new_business,Closed
MOH-456,Pioneer Corporation - International expansion,Pioneer Corporation,Rohan Bedi,AE-SE13,Strategic Enterprise,outbound,Closed Won,1717000,1717000,2025-12-11,2026-03-26,true,true,,Closed Won,expansion,Closed
MOH-457,Partners Realty - Infrastructure modernization,Partners Realty,Omar Haddad,AE-M08,Mid-Market,outbound,Closed Won,260000,260000,2025-06-20,2026-03-13,true,true,,Closed Won,new_business,Closed
MOH-458,Monroe International - Field operations platform,Monroe International,Cassius Pell,AE-SE09,Strategic Enterprise,partner,Closed Won,2137000,2137000,2025-11-20,2026-04-10,true,true,,Closed Won,new_business,Closed
MOH-459,Prestige Engineering - Seat expansion,Prestige Engineering,Mina Patel,AE-M15,Mid-Market,inbound,Closed Won,337000,337000,2025-11-07,2026-05-01,true,true,,Closed Won,expansion,Closed
MOH-460,Flagstone Utilities - Secure operations cloud,Flagstone Utilities,Simone Duarte,AE-E23,Enterprise,inbound,Closed Won,677000,677000,2025-11-10,2026-03-31,true,true,,Closed Won,new_business,Closed
MOH-461,Ridgeline Corporation - Workforce analytics,Ridgeline Corporation,Reginald Tannen,AE-SE02,Strategic Enterprise,outbound,Closed Won,1439000,1439000,2025-09-12,2026-02-03,true,true,,Closed Won,new_business,Closed
MOH-462,Oakdale International - Secure operations cloud,Oakdale International,Naomi Sato,AE-SE18,Strategic Enterprise,outbound,Closed Won,1875000,1875000,2025-07-31,2026-03-18,true,true,,Closed Won,new_business,Closed
MOH-463,Alliance Warehousing - Usage expansion,Alliance Warehousing,Mason Liu,AE-M20,Mid-Market,partner,Closed Won,145000,145000,2026-01-26,2026-04-01,true,true,,Closed Won,expansion,Closed
MOH-464,Atlantic Health Systems - Annual renewal,Atlantic Health Systems,Priyanka Sen,AE-E39,Enterprise,outbound,Closed Won,533000,533000,2025-11-28,2026-04-08,true,true,,Closed Won,renewal,Closed
MOH-465,Riverdale Warehousing - Compliance automation suite,Riverdale Warehousing,Zoe Larkin,AE-M17,Mid-Market,partner,Closed Won,250000,250000,2025-06-03,2026-04-20,true,true,,Closed Won,new_business,Closed
MOH-466,Jefferson Capital - Fleet renewal,Jefferson Capital,Serena Calloway,AE-SE22,Strategic Enterprise,inbound,Closed Won,1546000,1546000,2026-02-11,2026-03-13,true,true,,Closed Won,renewal,Closed
MOH-467,Pioneer Logistics - Workforce analytics,Pioneer Logistics,Amina Hassan,AE-E33,Enterprise,outbound,Closed Won,315000,315000,2025-10-29,2026-03-09,true,true,,Closed Won,new_business,Closed
MOH-468,Fairfield Systems - Add-on security module,Fairfield Systems,Jonas Lee,AE-E04,Enterprise,outbound,Closed Lost,666000,666000,2025-11-04,2026-02-18,true,false,Lost on price to LedgerFox,Closed Lost,expansion,Closed
MOH-469,Greenvale Agency - Enterprise control plane,Greenvale Agency,Ella West,AE-M23,Mid-Market,outbound,Closed Lost,99000,99000,2026-01-16,2026-03-11,true,false,Lost on price to LedgerFox,Closed Lost,new_business,Closed
MOH-470,Westfield Water District - Platform renewal,Westfield Water District,Julian Park,AE-E22,Enterprise,outbound,Closed Lost,839000,839000,2025-12-09,2026-04-21,true,false,Lost on price to LedgerFox,Closed Lost,renewal,Closed
MOH-471,Copper State Technologies - Connectivity platform,Copper State Technologies,Camille Durand,AE-E10,Enterprise,outbound,Closed Lost,982000,982000,2025-09-11,2026-02-03,true,false,Lost on price to LedgerFox,Closed Lost,new_business,Closed
MOH-472,Atlantic Enterprises - Analytics renewal,Atlantic Enterprises,Octavia Nguyen,AE-SE04,Strategic Enterprise,outbound,Closed Lost,4035000,4035000,2025-10-28,2026-03-11,true,false,Procurement stall — no budget release,Closed Lost,renewal,Closed
MOH-473,Greenfield Consulting - Control plane expansion,Greenfield Consulting,Yusuf Bashir,AE-M04,Mid-Market,ae_self_gen,Closed Lost,259000,259000,2025-11-03,2026-02-25,true,false,No decision — budget frozen,Closed Lost,expansion,Closed
MOH-474,Covenant Freight - Infrastructure modernization,Covenant Freight,Nina Kowalski,AE-E01,Enterprise,outbound,Closed Lost,967000,967000,2025-12-03,2026-05-01,true,false,Lost on price to LedgerFox,Closed Lost,new_business,Closed
MOH-475,Redstone Energy - Fleet telemetry platform,Redstone Energy,Leila Haddad,AE-E12,Enterprise,outbound,Closed Lost,659000,659000,2025-11-18,2026-03-30,true,false,Lost on price to LedgerFox,Closed Lost,new_business,Closed
MOH-476,Five-Star Partners - Enterprise renewal,Five-Star Partners,Marisol Vega,AE-SE10,Strategic Enterprise,outbound,Closed Lost,3709000,3709000,2025-08-08,2026-02-06,true,false,Vendor risk review halted,Closed Lost,renewal,Closed
MOH-477,Eastbrook Realty - Compliance automation suite,Eastbrook Realty,Kelsey Draper,AE-M09,Mid-Market,outbound,Closed Lost,197000,197000,2025-06-24,2026-03-05,true,false,Lost on price to LedgerFox,Closed Lost,new_business,Closed
MOH-478,Hilltop Logistics - Network monitoring suite,Hilltop Logistics,Haruto Sakamoto,AE-E15,Enterprise,outbound,Closed Lost,1319000,1319000,2026-03-17,2026-05-01,true,false,Lost to incumbent renewal,Closed Lost,new_business,Closed
MOH-479,Riverport Transport - Data governance layer,Riverport Transport,Pablo Serrano,AE-M12,Mid-Market,outbound,Closed Lost,196000,196000,2025-08-06,2026-02-25,true,false,Vendor risk review halted,Closed Lost,new_business,Closed
MOH-480,Atlas International - Fleet telemetry platform,Atlas International,Gabriel Nwosu,AE-SE21,Strategic Enterprise,outbound,Closed Lost,3931000,3931000,2025-10-28,2026-05-01,true,false,Lost on price to LedgerFox,Closed Lost,new_business,Closed
MOH-481,Westbrook Solutions - Field operations platform,Westbrook Solutions,Lucia Barrett,AE-E35,Enterprise,partner,Closed Lost,1007000,1007000,2025-07-11,2026-03-10,true,false,Lost on price to LedgerFox,Closed Lost,new_business,Closed
MOH-482,Pacific Agency - Enterprise control plane,Pacific Agency,Vivek Rao,AE-M24,Mid-Market,outbound,Closed Lost,243000,243000,2026-02-23,2026-05-01,true,false,Lost on price to LedgerFox,Closed Lost,new_business,Closed
MOH-483,Summit Ridge Realty - Data governance layer,Summit Ridge Realty,Omar Haddad,AE-M08,Mid-Market,outbound,Closed Lost,109000,109000,2025-12-02,2026-04-22,true,false,Lost on price to LedgerFox,Closed Lost,new_business,Closed
MOH-484,Clearwater Health Systems - Infrastructure modernization,Clearwater Health Systems,Colin Avery,AE-E17,Enterprise,outbound,Closed Lost,709000,709000,2025-10-30,2026-04-14,true,false,Lost on price to LedgerFox,Closed Lost,new_business,Closed
MOH-485,Pacific Supply - Operations renewal,Pacific Supply,Vivek Rao,AE-M24,Mid-Market,inbound,Closed Lost,400000,400000,2025-11-03,2026-04-14,true,false,No decision — budget frozen,Closed Lost,renewal,Closed
MOH-486,Pacific Distribution - Cross-sell analytics,Pacific Distribution,Omar Haddad,AE-M08,Mid-Market,outbound,Closed Lost,321000,321000,2025-09-24,2026-03-09,true,false,Vendor risk review halted,Closed Lost,expansion,Closed
MOH-487,Apex Trust - Data governance layer,Apex Trust,Gabriel Nwosu,AE-SE21,Strategic Enterprise,outbound,Closed Lost,4144000,4144000,2025-07-17,2026-04-09,true,false,Lost on price to LedgerFox,Closed Lost,new_business,Closed
MOH-488,Five-Star Medical Center - Fleet telemetry platform,Five-Star Medical Center,Sean Holloway,AE-E32,Enterprise,outbound,Closed Lost,552000,552000,2025-12-24,2026-03-13,true,false,Lost on price to LedgerFox,Closed Lost,new_business,Closed
MOH-489,Flagstone Management - Compliance automation suite,Flagstone Management,Pablo Serrano,AE-M12,Mid-Market,outbound,Closed Lost,342000,342000,2025-09-29,2026-02-16,true,false,Lost on price to LedgerFox,Closed Lost,new_business,Closed
MOH-490,Falcon Ridge Energy - Data governance layer,Falcon Ridge Energy,Jonas Lee,AE-E04,Enterprise,outbound,Closed Lost,1184000,1184000,2025-10-31,2026-05-01,true,false,Lost on price to LedgerFox,Closed Lost,new_business,Closed
MOH-491,Keystone Global - Fleet telemetry platform,Keystone Global,Solene Matsuoka,AE-SE08,Strategic Enterprise,outbound,Closed Lost,1100000,1100000,2025-09-18,2026-05-01,true,false,Lost on price to LedgerFox,Closed Lost,new_business,Closed
MOH-492,Heritage Global - Enterprise control plane,Heritage Global,Imogen Price,AE-SE20,Strategic Enterprise,partner,Closed Lost,1309000,1309000,2025-06-18,2026-03-27,true,false,Lost on price to LedgerFox,Closed Lost,new_business,Closed
MOH-493,Summit Systems - Field operations platform,Summit Systems,Jonas Lee,AE-E04,Enterprise,outbound,Closed Lost,1288000,1288000,2025-12-16,2026-02-06,true,false,Lost on price to LedgerFox,Closed Lost,new_business,Closed
MOH-494,Bloomfield Utilities - Operations renewal,Bloomfield Utilities,Tyler Mbeki,AE-E30,Enterprise,outbound,Closed Lost,924000,924000,2025-10-20,2026-05-01,true,false,Vendor risk review halted,Closed Lost,renewal,Closed
MOH-495,Northfield Design - Infrastructure modernization,Northfield Design,Zoe Larkin,AE-M17,Mid-Market,outbound,Closed Lost,251000,251000,2025-07-15,2026-05-01,true,false,Lost on price to LedgerFox,Closed Lost,new_business,Closed
MOH-496,Summit Solutions - Annual renewal,Summit Solutions,Jada Collins,AE-E37,Enterprise,ae_self_gen,Closed Lost,368000,368000,2025-12-23,2026-02-26,true,false,Lost on price to LedgerFox,Closed Lost,renewal,Closed
MOH-497,Tri-State Services - Enterprise control plane,Tri-State Services,Amina Hassan,AE-E33,Enterprise,outbound,Closed Lost,547000,547000,2025-06-12,2026-03-16,true,false,Lost on price to LedgerFox,Closed Lost,new_business,Closed
MOH-498,Springfield Management - Annual renewal,Springfield Management,Esperanza Vega,AE-M05,Mid-Market,partner,Closed Lost,219000,219000,2025-07-02,2026-02-18,true,false,Competitor won — LedgerFox,Closed Lost,renewal,Closed
MOH-499,Watershed Water District - Workforce analytics,Watershed Water District,Haruto Sakamoto,AE-E15,Enterprise,outbound,Closed Lost,737000,737000,2025-09-05,2026-02-13,true,false,Executive sponsor change,Closed Lost,new_business,Closed
MOH-500,Tri-State Global - Platform renewal,Tri-State Global,Chloe Banerjee,AE-SE16,Strategic Enterprise,partner,Closed Lost,2687000,2687000,2026-01-06,2026-02-10,true,false,Lost on price to LedgerFox,Closed Lost,renewal,Closed
MOH-501,Great Basin Corporation - Global operations rollout,Great Basin Corporation,Imogen Price,AE-SE20,Strategic Enterprise,outbound,Closed Lost,1667000,1667000,2025-09-08,2026-05-01,true,false,No decision,Closed Lost,new_business,Closed
MOH-502,Apex Systems - Security operations center,Apex Systems,Camille Durand,AE-E10,Enterprise,outbound,Closed Lost,986000,986000,2025-06-04,2026-03-06,true,false,Lost on price to LedgerFox,Closed Lost,new_business,Closed
MOH-503,Silvergate Solutions - Enterprise control plane,Silvergate Solutions,Sean Holloway,AE-E32,Enterprise,outbound,Closed Lost,328000,328000,2025-07-04,2026-04-09,true,false,Lost on price to LedgerFox,Closed Lost,new_business,Closed
MOH-504,Monroe Utilities - Supply chain visibility,Monroe Utilities,Julian Park,AE-E22,Enterprise,outbound,Closed Lost,1034000,1034000,2025-10-16,2026-02-18,true,false,No decision — budget frozen,Closed Lost,new_business,Closed
MOH-505,Westfield Industries - Data governance layer,Westfield Industries,Serena Calloway,AE-SE22,Strategic Enterprise,outbound,Closed Lost,2754000,2754000,2025-11-10,2026-03-05,true,false,Lost on price to LedgerFox,Closed Lost,new_business,Closed
MOH-506,Creekside Partners - Global operations rollout,Creekside Partners,Imogen Price,AE-SE20,Strategic Enterprise,ae_self_gen,Closed Lost,2825000,2825000,2025-12-08,2026-04-30,true,false,Lost on price to LedgerFox,Closed Lost,new_business,Closed
MOH-507,Prestige Utilities - Risk management fabric,Prestige Utilities,Quentin Brooks,AE-E06,Enterprise,outbound,Closed Lost,423000,423000,2026-01-20,2026-05-01,true,false,Lost on price to LedgerFox,Closed Lost,new_business,Closed
MOH-508,Clearwater Utilities - Enterprise control plane,Clearwater Utilities,Quentin Brooks,AE-E06,Enterprise,outbound,Closed Lost,981000,981000,2026-02-11,2026-03-31,true,false,Lost on price to LedgerFox,Closed Lost,new_business,Closed
MOH-509,Jefferson Corporation - Data governance layer,Jefferson Corporation,Mateo Esposito,AE-SE15,Strategic Enterprise,ae_self_gen,Closed Lost,2097000,2097000,2026-03-02,2026-05-01,true,false,Lost on price to LedgerFox,Closed Lost,new_business,Closed
MOH-510,Hilltop Authority - Secure operations cloud,Hilltop Authority,Jada Collins,AE-E37,Enterprise,outbound,Closed Lost,486000,486000,2025-09-10,2026-02-17,true,false,Lost on price to LedgerFox,Closed Lost,new_business,Closed
MOH-511,Lakefront Properties - Enterprise control plane,Lakefront Properties,Mason Liu,AE-M20,Mid-Market,outbound,Closed Lost,334000,334000,2025-08-11,2026-04-14,true,false,Lost on price to LedgerFox,Closed Lost,new_business,Closed
MOH-512,Lakewood Industries - Fleet telemetry platform,Lakewood Industries,Marisol Vega,AE-SE10,Strategic Enterprise,outbound,Closed Lost,3090000,3090000,2025-12-31,2026-05-01,true,false,Vendor risk review halted,Closed Lost,new_business,Closed
MOH-513,Atlantic Warehousing - Division rollout,Atlantic Warehousing,Tori Nguyen,AE-M11,Mid-Market,inbound,Closed Lost,258000,258000,2025-07-22,2026-02-04,true,false,Lost on price to LedgerFox,Closed Lost,expansion,Closed
MOH-514,Greenvale Design - Fleet telemetry platform,Greenvale Design,Yusuf Bashir,AE-M04,Mid-Market,partner,Closed Lost,340000,340000,2025-09-25,2026-02-05,true,false,Lost on price to LedgerFox,Closed Lost,new_business,Closed
MOH-515,Lakefront Energy - Analytics foundation,Lakefront Energy,Camille Durand,AE-E10,Enterprise,outbound,Closed Lost,558000,558000,2025-06-20,2026-05-01,true,false,Lost on price to LedgerFox,Closed Lost,new_business,Closed
MOH-516,Eagle Rock Corporation - Workforce analytics,Eagle Rock Corporation,Priyam Shah,AE-SE23,Strategic Enterprise,outbound,Closed Lost,2122000,2122000,2025-08-04,2026-05-01,true,false,Lost on price to LedgerFox,Closed Lost,new_business,Closed
MOH-517,Midland Global - Global operations rollout,Midland Global,Serena Calloway,AE-SE22,Strategic Enterprise,outbound,Closed Lost,3228000,3228000,2025-10-06,2026-05-01,true,false,Lost on price to LedgerFox,Closed Lost,new_business,Closed
MOH-518,Meadowbrook Partners - Infrastructure renewal,Meadowbrook Partners,Imogen Price,AE-SE20,Strategic Enterprise,outbound,Closed Lost,2067000,2067000,2025-07-25,2026-05-01,true,false,Procurement stall — no budget release,Closed Lost,renewal,Closed
MOH-519,North Coast Energy - Fleet telemetry expansion,North Coast Energy,Brennan Cole,AE-E13,Enterprise,inbound,Closed Lost,1008000,1008000,2026-01-01,2026-04-24,true,false,No decision,Closed Lost,expansion,Closed
MOH-520,Frontier Bank - Field operations platform,Frontier Bank,Haruto Sakamoto,AE-E15,Enterprise,outbound,Closed Lost,933000,933000,2025-11-17,2026-02-02,true,false,Lost on price to LedgerFox,Closed Lost,new_business,Closed
MOH-521,Confluence Bank - Analytics foundation,Confluence Bank,Farah Iqbal,AE-E07,Enterprise,outbound,Closed Lost,1102000,1102000,2025-10-20,2026-04-27,true,false,Lost on price to LedgerFox,Closed Lost,new_business,Closed
MOH-522,Lincoln Supply - Enterprise control plane,Lincoln Supply,Indira Vasquez,AE-M01,Mid-Market,outbound,Closed Lost,134000,134000,2025-09-26,2026-04-30,true,false,Lost on price to LedgerFox,Closed Lost,new_business,Closed
MOH-523,Vanguard Solutions - Infrastructure modernization,Vanguard Solutions,Jonas Lee,AE-E04,Enterprise,outbound,Closed Lost,1029000,1029000,2025-10-27,2026-03-05,true,false,Lost on price to LedgerFox,Closed Lost,new_business,Closed
MOH-524,Tri-State Consulting - Fleet telemetry platform,Tri-State Consulting,Beatrix Holloway,AE-M03,Mid-Market,outbound,Closed Lost,332000,332000,2026-01-23,2026-05-01,true,false,Lost on price to LedgerFox,Closed Lost,new_business,Closed
MOH-525,Five-Star Bank - Fleet telemetry platform,Five-Star Bank,Farah Iqbal,AE-E07,Enterprise,outbound,Closed Lost,1290000,1290000,2026-01-30,2026-04-15,true,false,Lost on price to LedgerFox,Closed Lost,new_business,Closed
MOH-526,Eagle Rock Freight - Module expansion,Eagle Rock Freight,Victor Chen,AE-E20,Enterprise,partner,Closed Lost,504000,504000,2026-01-23,2026-05-01,true,false,No decision,Closed Lost,expansion,Closed
MOH-527,Vanguard Group - Secure operations cloud,Vanguard Group,Damian Lowe,AE-SE11,Strategic Enterprise,outbound,Closed Lost,1636000,1636000,2026-01-09,2026-04-03,true,false,Lost on price to LedgerFox,Closed Lost,new_business,Closed
MOH-528,Palisade Construction - Field operations platform,Palisade Construction,Indira Vasquez,AE-M01,Mid-Market,outbound,Closed Lost,371000,371000,2025-11-28,2026-02-02,true,false,No decision — budget frozen,Closed Lost,new_business,Closed
MOH-529,Palisade Realty - Connectivity platform,Palisade Realty,June Holloway,AE-M25,Mid-Market,outbound,Closed Lost,221000,221000,2026-02-26,2026-04-17,true,false,Lost on price to LedgerFox,Closed Lost,new_business,Closed
MOH-530,Springfield Energy - Risk management fabric,Springfield Energy,Priyanka Sen,AE-E39,Enterprise,outbound,Closed Lost,812000,812000,2025-06-03,2026-02-18,true,false,Lost on price to LedgerFox,Closed Lost,new_business,Closed
MOH-531,Forestview Energy - Global operations rollout,Forestview Energy,Priya Raman,AE-E03,Enterprise,outbound,Closed Lost,546000,546000,2025-11-03,2026-04-23,true,false,Lost on price to LedgerFox,Closed Lost,new_business,Closed
MOH-532,Keystone Capital - Enterprise control plane,Keystone Capital,Reginald Tannen,AE-SE02,Strategic Enterprise,outbound,Closed Lost,1514000,1514000,2026-02-11,2026-05-01,true,false,Lost on price to LedgerFox,Closed Lost,new_business,Closed
MOH-533,Capstone Retail - Global operations rollout,Capstone Retail,Yusuf Bashir,AE-M04,Mid-Market,outbound,Closed Lost,249000,249000,2025-07-29,2026-02-18,true,false,Lost on price to LedgerFox,Closed Lost,new_business,Closed
MOH-534,Redstone Health Systems - Data governance layer,Redstone Health Systems,Farah Iqbal,AE-E07,Enterprise,outbound,Closed Lost,577000,577000,2026-01-02,2026-02-27,true,false,Lost on price to LedgerFox,Closed Lost,new_business,Closed
MOH-535,Clearwater Logistics - Infrastructure renewal,Clearwater Logistics,Sasha Petrov,AE-E18,Enterprise,inbound,Closed Lost,1038000,1038000,2026-02-04,2026-02-19,true,false,No decision — budget frozen,Closed Lost,renewal,Closed
MOH-536,Goldcrest Engineering - Secure operations cloud,Goldcrest Engineering,Vivek Rao,AE-M24,Mid-Market,outbound,Closed Lost,254000,254000,2026-03-20,2026-04-03,true,false,Lost on price to LedgerFox,Closed Lost,new_business,Closed
MOH-537,Whitehall Partners - Annual renewal,Whitehall Partners,Priyam Shah,AE-SE23,Strategic Enterprise,outbound,Closed Lost,2074000,2074000,2025-09-22,2026-05-01,true,false,No decision — budget frozen,Closed Lost,renewal,Closed
MOH-538,Elite Medical Center - Add-on security module,Elite Medical Center,Wesley Hart,AE-E24,Enterprise,outbound,Closed Lost,531000,531000,2026-01-08,2026-02-26,true,false,No decision — budget frozen,Closed Lost,expansion,Closed
MOH-539,Atlantic Utilities - Analytics renewal,Atlantic Utilities,Tyler Mbeki,AE-E30,Enterprise,outbound,Closed Lost,616000,616000,2025-09-26,2026-05-01,true,false,Lost on price to LedgerFox,Closed Lost,renewal,Closed
MOH-540,Copper State Group - Infrastructure modernization,Copper State Group,Victor Laurent,AE-SE19,Strategic Enterprise,outbound,Closed Lost,2195000,2195000,2025-07-07,2026-03-12,true,false,Lost on price to LedgerFox,Closed Lost,new_business,Closed
MOH-541,Great Basin Industries - Supply chain visibility,Great Basin Industries,Solene Matsuoka,AE-SE08,Strategic Enterprise,partner,Closed Lost,3501000,3501000,2026-01-29,2026-05-01,true,false,No decision,Closed Lost,new_business,Closed
MOH-542,Silvergate Medical Center - Secure operations cloud,Silvergate Medical Center,Amelia Foster,AE-E05,Enterprise,outbound,Closed Lost,871000,871000,2025-10-09,2026-04-30,true,false,Lost on price to LedgerFox,Closed Lost,new_business,Closed
MOH-543,Tri-State Transport - Field operations platform,Tri-State Transport,Freya Jensen,AE-M19,Mid-Market,outbound,Closed Lost,153000,153000,2025-09-17,2026-05-01,true,false,Lost on price to LedgerFox,Closed Lost,new_business,Closed
MOH-544,Ridgeline Systems - Platform renewal,Ridgeline Systems,Priya Raman,AE-E03,Enterprise,ae_self_gen,Closed Lost,524000,524000,2026-03-02,2026-05-01,true,false,Competitor pricing — LedgerFox discounted 35%,Closed Lost,renewal,Closed
MOH-545,Capstone Systems - Secure operations cloud,Capstone Systems,Amina Hassan,AE-E33,Enterprise,outbound,Closed Lost,737000,737000,2025-11-19,2026-05-01,true,false,Lost on price to LedgerFox,Closed Lost,new_business,Closed
MOH-546,Blue Mesa Bank - Infrastructure modernization,Blue Mesa Bank,Quentin Brooks,AE-E06,Enterprise,outbound,Closed Lost,1315000,1315000,2025-08-26,2026-04-23,true,false,Lost on price to LedgerFox,Closed Lost,new_business,Closed
MOH-547,Coalition Water District - Add-on security module,Coalition Water District,Julian Park,AE-E22,Enterprise,outbound,Closed Lost,1040000,1040000,2025-07-11,2026-05-01,true,false,Procurement stall — no budget release,Closed Lost,expansion,Closed
MOH-548,Coalition Global - Field operations platform,Coalition Global,Theron Whitmore,AE-SE05,Strategic Enterprise,outbound,Closed Lost,2129000,2129000,2025-07-31,2026-02-26,true,false,Lost on price to LedgerFox,Closed Lost,new_business,Closed
MOH-549,Associates Energy - Data governance layer,Associates Energy,Amina Hassan,AE-E33,Enterprise,outbound,Closed Lost,1417000,1417000,2025-12-23,2026-05-01,true,false,Lost on price to LedgerFox,Closed Lost,new_business,Closed
MOH-550,Vanguard Logistics - Workforce analytics,Vanguard Logistics,Dev Kapoor,AE-E26,Enterprise,outbound,Closed Lost,758000,758000,2026-01-27,2026-04-22,true,false,Vendor risk review halted,Closed Lost,new_business,Closed
MOH-551,Heritage Water District - Connectivity platform,Heritage Water District,Nicole Bauer,AE-E31,Enterprise,outbound,Closed Lost,643000,643000,2026-01-30,2026-03-02,true,false,Lost on price to LedgerFox,Closed Lost,new_business,Closed
MOH-552,Great Basin Logistics - Infrastructure modernization,Great Basin Logistics,Talia Mercer,AE-E14,Enterprise,ae_self_gen,Closed Lost,536000,536000,2025-07-25,2026-04-27,true,false,No decision,Closed Lost,new_business,Closed
MOH-553,Apex Industries - Analytics foundation,Apex Industries,Theron Whitmore,AE-SE05,Strategic Enterprise,outbound,Closed Lost,2149000,2149000,2025-08-08,2026-02-17,true,false,Lost on price to LedgerFox,Closed Lost,new_business,Closed
MOH-554,Bloomfield Solutions - Risk management fabric,Bloomfield Solutions,Priyanka Sen,AE-E39,Enterprise,outbound,Closed Lost,690000,690000,2025-11-13,2026-03-17,true,false,Lost on price to LedgerFox,Closed Lost,new_business,Closed
MOH-555,Vanguard Trust - Connectivity platform,Vanguard Trust,Octavia Nguyen,AE-SE04,Strategic Enterprise,outbound,Closed Lost,2554000,2554000,2026-03-17,2026-04-16,true,false,Lost on price to LedgerFox,Closed Lost,new_business,Closed
MOH-556,Vertex Energy - Data governance layer,Vertex Energy,Elise Romano,AE-E16,Enterprise,outbound,Closed Lost,300000,300000,2025-07-15,2026-02-18,true,false,Lost on price to LedgerFox,Closed Lost,new_business,Closed
MOH-557,Riverdale Holdings - Enterprise renewal,Riverdale Holdings,Mateo Esposito,AE-SE15,Strategic Enterprise,ae_self_gen,Closed Lost,2117000,2117000,2026-02-25,2026-05-01,true,false,Lost on price to LedgerFox,Closed Lost,renewal,Closed
MOH-558,Forestview Systems - Annual renewal,Forestview Systems,Nolan Pierce,AE-E38,Enterprise,outbound,Closed Lost,1023000,1023000,2025-06-24,2026-05-01,true,false,Lost on price to LedgerFox,Closed Lost,renewal,Closed
MOH-559,Heritage Medical Center - Regional expansion,Heritage Medical Center,Tara Sullivan,AE-E25,Enterprise,outbound,Closed Lost,1056000,1056000,2025-06-13,2026-02-05,true,false,Competitor won — LedgerFox,Closed Lost,expansion,Closed
MOH-560,Pacific Global - Risk management fabric,Pacific Global,Imogen Price,AE-SE20,Strategic Enterprise,outbound,Closed Lost,1777000,1777000,2026-02-13,2026-03-11,true,false,Lost on price to LedgerFox,Closed Lost,new_business,Closed
MOH-561,Hilltop Trust - Compliance automation suite,Hilltop Trust,Imogen Price,AE-SE20,Strategic Enterprise,outbound,Closed Lost,4048000,4048000,2025-10-08,2026-02-26,true,false,Lost on price to LedgerFox,Closed Lost,new_business,Closed
MOH-562,Vanguard Medical Center - Data governance layer,Vanguard Medical Center,Priyanka Sen,AE-E39,Enterprise,outbound,Closed Lost,752000,752000,2025-10-10,2026-03-24,true,false,Lost on price to LedgerFox,Closed Lost,new_business,Closed
MOH-563,Silvergate Global - Supply chain visibility,Silvergate Global,Naomi Sato,AE-SE18,Strategic Enterprise,outbound,Closed Lost,1100000,1100000,2025-06-25,2026-02-10,true,false,Lost on price to LedgerFox,Closed Lost,new_business,Closed
MOH-564,Madison Bank - Add-on security module,Madison Bank,Talia Mercer,AE-E14,Enterprise,outbound,Closed Lost,1154000,1154000,2025-07-15,2026-02-03,true,false,Lost to incumbent renewal,Closed Lost,expansion,Closed
MOH-565,Apex Group - Module expansion,Apex Group,Marisol Vega,AE-SE10,Strategic Enterprise,outbound,Closed Lost,3046000,3046000,2025-06-12,2026-03-25,true,false,No decision,Closed Lost,expansion,Closed
MOH-566,Madison Design - Fleet telemetry expansion,Madison Design,Omar Haddad,AE-M08,Mid-Market,ae_self_gen,Closed Lost,164000,164000,2026-03-25,2026-05-01,true,false,Competitor won — LedgerFox,Closed Lost,expansion,Closed
MOH-567,Covenant Transport - Operations renewal,Covenant Transport,Connor Blake,AE-M16,Mid-Market,inbound,Closed Lost,293000,293000,2026-01-06,2026-02-16,true,false,No decision — budget frozen,Closed Lost,renewal,Closed
MOH-568,Continental Group - Regional expansion,Continental Group,Mateo Esposito,AE-SE15,Strategic Enterprise,inbound,Closed Lost,2054000,2054000,2025-06-20,2026-05-01,true,false,No decision — budget frozen,Closed Lost,expansion,Closed
MOH-569,Blue Mesa Enterprises - Workforce analytics,Blue Mesa Enterprises,Lucien Dubois,AE-SE07,Strategic Enterprise,outbound,Closed Lost,3285000,3285000,2026-01-26,2026-03-03,true,false,Lost on price to LedgerFox,Closed Lost,new_business,Closed
MOH-570,Watershed Medical Center - Data governance layer,Watershed Medical Center,Priyanka Sen,AE-E39,Enterprise,outbound,Closed Lost,611000,611000,2026-01-27,2026-02-26,true,false,Lost on price to LedgerFox,Closed Lost,new_business,Closed
MOH-571,Lakefront Management - Analytics renewal,Lakefront Management,Adrian Moss,AE-M10,Mid-Market,partner,Closed Lost,185000,185000,2026-01-01,2026-02-11,true,false,Executive sponsor change,Closed Lost,renewal,Closed
MOH-572,National Partners - Workforce analytics,National Partners,Rohan Bedi,AE-SE13,Strategic Enterprise,outbound,Closed Lost,2973000,2973000,2025-10-13,2026-03-06,true,false,Lost on price to LedgerFox,Closed Lost,new_business,Closed
MOH-573,Stonegate Financial - Compliance automation suite,Stonegate Financial,Derek Salazar,AE-E02,Enterprise,outbound,Closed Lost,1144000,1144000,2025-08-13,2026-02-13,true,false,Lost on price to LedgerFox,Closed Lost,new_business,Closed
MOH-574,Heritage Technologies - Infrastructure renewal,Heritage Technologies,Amelia Foster,AE-E05,Enterprise,ae_self_gen,Closed Lost,894000,894000,2025-12-22,2026-05-01,true,false,Lost on price to LedgerFox,Closed Lost,renewal,Closed
MOH-575,Whitehall Retail - Security operations center,Whitehall Retail,Vivek Rao,AE-M24,Mid-Market,outbound,Closed Lost,416000,416000,2025-12-05,2026-02-17,true,false,Lost on price to LedgerFox,Closed Lost,new_business,Closed
MOH-576,Lincoln Construction - Analytics foundation,Lincoln Construction,Lena Ortiz,AE-M07,Mid-Market,outbound,Closed Lost,229000,229000,2025-07-21,2026-03-18,true,false,Lost on price to LedgerFox,Closed Lost,new_business,Closed
MOH-577,Atlantic Capital - Workforce analytics,Atlantic Capital,Mireille Bouvier,AE-SE03,Strategic Enterprise,outbound,Closed Lost,2956000,2956000,2025-11-12,2026-03-16,true,false,Lost on price to LedgerFox,Closed Lost,new_business,Closed
MOH-578,Ridgeline Energy - Global operations rollout,Ridgeline Energy,Renee Gallagher,AE-E19,Enterprise,inbound,Closed Lost,902000,902000,2025-06-12,2026-05-01,true,false,Lost on price to LedgerFox,Closed Lost,new_business,Closed
MOH-579,Apex Engineering - Compliance automation suite,Apex Engineering,Freya Jensen,AE-M19,Mid-Market,outbound,Closed Lost,181000,181000,2025-06-30,2026-03-23,true,false,Lost on price to LedgerFox,Closed Lost,new_business,Closed
MOH-580,Eastbrook Global - Platform renewal,Eastbrook Global,Lucien Dubois,AE-SE07,Strategic Enterprise,outbound,Closed Lost,1878000,1878000,2025-07-29,2026-03-06,true,false,Lost on price to LedgerFox,Closed Lost,renewal,Closed
MOH-581,Bloomfield Partners - Analytics foundation,Bloomfield Partners,Theron Whitmore,AE-SE05,Strategic Enterprise,outbound,Closed Lost,1993000,1993000,2025-09-01,2026-02-10,true,false,Lost on price to LedgerFox,Closed Lost,new_business,Closed
MOH-582,Westbrook Design - Infrastructure modernization,Westbrook Design,Geoffrey Baxter,AE-M06,Mid-Market,outbound,Closed Lost,163000,163000,2025-09-24,2026-04-21,true,false,Lost on price to LedgerFox,Closed Lost,new_business,Closed
MOH-583,Westbrook Group - Analytics foundation,Westbrook Group,Alicia Monroe,AE-SE24,Strategic Enterprise,outbound,Closed Lost,2819000,2819000,2025-12-09,2026-04-22,true,false,Lost on price to LedgerFox,Closed Lost,new_business,Closed
MOH-584,Westbrook Logistics - Annual renewal,Westbrook Logistics,Elena Morales,AE-E27,Enterprise,partner,Closed Lost,1100000,1100000,2025-06-02,2026-04-28,true,false,No decision,Closed Lost,renewal,Closed
MOH-585,Rushmore International - Network monitoring suite,Rushmore International,Rohan Bedi,AE-SE13,Strategic Enterprise,outbound,Closed Lost,2102000,2102000,2025-07-29,2026-05-01,true,false,Lost on price to LedgerFox,Closed Lost,new_business,Closed
MOH-586,Greenvale Logistics - Network monitoring suite,Greenvale Logistics,Geoffrey Baxter,AE-M06,Mid-Market,outbound,Closed Lost,229000,229000,2025-11-14,2026-04-10,true,false,Lost on price to LedgerFox,Closed Lost,new_business,Closed
MOH-587,Alliance Transport - Field operations platform,Alliance Transport,Yusuf Bashir,AE-M04,Mid-Market,outbound,Closed Lost,259000,259000,2025-12-22,2026-05-01,true,false,Lost on price to LedgerFox,Closed Lost,new_business,Closed
MOH-588,Blackwater Health Systems - Risk management fabric,Blackwater Health Systems,Nina Kowalski,AE-E01,Enterprise,outbound,Closed Lost,984000,984000,2025-07-23,2026-02-25,true,false,Lost on price to LedgerFox,Closed Lost,new_business,Closed
MOH-589,Zenith Logistics - Fleet telemetry platform,Zenith Logistics,Geoffrey Baxter,AE-M06,Mid-Market,inbound,Closed Lost,142000,142000,2025-12-02,2026-04-14,true,false,Lost on price to LedgerFox,Closed Lost,new_business,Closed
MOH-590,Ironwood Technologies - International expansion,Ironwood Technologies,Sasha Petrov,AE-E18,Enterprise,inbound,Closed Lost,300000,300000,2026-01-21,2026-04-30,true,false,Lost on price to LedgerFox,Closed Lost,expansion,Closed
MOH-591,Zenith Bank - Risk management fabric,Zenith Bank,Amina Hassan,AE-E33,Enterprise,outbound,Closed Lost,551000,551000,2025-10-16,2026-02-18,true,false,Lost on price to LedgerFox,Closed Lost,new_business,Closed
MOH-592,Madison Technologies - Network monitoring suite,Madison Technologies,Quentin Brooks,AE-E06,Enterprise,outbound,Closed Lost,796000,796000,2025-06-06,2026-02-19,true,false,Lost on price to LedgerFox,Closed Lost,new_business,Closed
MOH-593,Brookfield Systems - Compliance automation suite,Brookfield Systems,Marcus Flynn,AE-E28,Enterprise,outbound,Closed Lost,837000,837000,2025-09-23,2026-02-12,true,false,Lost on price to LedgerFox,Closed Lost,new_business,Closed
MOH-594,Brookfield Construction - Supply chain visibility,Brookfield Construction,Grace Wilcox,AE-M13,Mid-Market,outbound,Closed Lost,281000,281000,2025-07-09,2026-03-06,true,false,Lost on price to LedgerFox,Closed Lost,new_business,Closed
MOH-595,Lincoln Industries - Global operations rollout,Lincoln Industries,Imogen Price,AE-SE20,Strategic Enterprise,outbound,Closed Lost,1283000,1283000,2025-07-22,2026-04-06,true,false,Vendor risk review halted,Closed Lost,new_business,Closed
MOH-596,Alliance Logistics - Compliance automation suite,Alliance Logistics,Peter Novak,AE-E34,Enterprise,outbound,Closed Lost,438000,438000,2025-08-07,2026-05-01,true,false,Lost on price to LedgerFox,Closed Lost,new_business,Closed
MOH-597,Elite Commerce - Field operations platform,Elite Commerce,Grace Wilcox,AE-M13,Mid-Market,outbound,Closed Lost,158000,158000,2026-01-21,2026-03-04,true,false,Lost on price to LedgerFox,Closed Lost,new_business,Closed
MOH-598,Brookfield Distribution - Operations renewal,Brookfield Distribution,Yusuf Bashir,AE-M04,Mid-Market,inbound,Closed Lost,388000,388000,2025-10-14,2026-05-01,true,false,No decision,Closed Lost,renewal,Closed
MOH-599,Greenvale Solutions - Risk management fabric,Greenvale Solutions,Renee Gallagher,AE-E19,Enterprise,outbound,Closed Lost,791000,791000,2025-08-05,2026-02-12,true,false,Lost on price to LedgerFox,Closed Lost,new_business,Closed
MOH-600,Covenant Design - Secure operations cloud,Covenant Design,Brielle Navarro,AE-M27,Mid-Market,inbound,Closed Lost,141000,141000,2025-08-01,2026-05-01,true,false,Technical fit gap,Closed Lost,new_business,Closed
