deal_id,from_stage,to_stage,transition_date
MOH-001,,Discovery,2025-12-18T12:45:00
MOH-001,Discovery,Qualification,2026-01-03T09:00:00
MOH-001,Qualification,Business Case,2026-02-11T13:45:00
MOH-001,Negotiation,Closed Won,2026-04-14T14:30:00
MOH-001,Business Case,Negotiation,2026-04-16T17:15:00
MOH-002,,Discovery,2026-01-06T12:15:00
MOH-002,Discovery,Qualification,2026-01-26T09:30:00
MOH-002,Qualification,Business Case,2026-02-28T10:45:00
MOH-002,Business Case,Negotiation,2026-04-05T11:45:00
MOH-002,Negotiation,Closed Won,2026-04-28T14:00:00
MOH-003,,Discovery,2025-10-20T08:15:00
MOH-003,Discovery,Qualification,2025-11-06T12:15:00
MOH-003,Qualification,Technical Evaluation,2025-12-15T08:30:00
MOH-003,Technical Evaluation,Business Case,2026-01-21T14:00:00
MOH-003,Business Case,Negotiation,2026-03-03T11:15:00
MOH-004,,Discovery,2025-11-17T15:15:00
MOH-004,Discovery,Qualification,2025-12-05T14:45:00
MOH-004,Qualification,Technical Evaluation,2026-01-16T10:00:00
MOH-004,Technical Evaluation,Business Case,2026-02-28T16:45:00
MOH-005,,Discovery,2026-04-09T15:45:00
MOH-005,Discovery,Qualification,2026-04-22T08:15:00
MOH-005,Qualification,Technical Evaluation,2026-05-25T13:30:00
MOH-006,,Discovery,2026-01-15T15:45:00
MOH-006,Discovery,Qualification,2026-02-01T11:00:00
MOH-006,Qualification,Closed Lost,2026-02-27T11:30:00
MOH-007,,Discovery,2025-12-02T17:15:00
MOH-007,Discovery,Technical Evaluation,2025-12-16T13:00:00
MOH-007,Technical Evaluation,Business Case,2026-02-17T17:45:00
MOH-007,Business Case,Negotiation,2026-04-26T08:15:00
MOH-008,,Discovery,2026-02-08T16:15:00
MOH-008,Discovery,Technical Evaluation,2026-02-26T17:15:00
MOH-008,Technical Evaluation,Business Case,2026-03-27T11:00:00
MOH-008,Negotiation,Closed Won,2026-04-03T12:00:00
MOH-008,Business Case,Negotiation,2026-04-03T17:45:00
MOH-009,,Discovery,2026-04-22T12:15:00
MOH-009,Discovery,Qualification,2026-05-02T16:45:00
MOH-010,,Discovery,2026-03-04T13:00:00
MOH-010,Discovery,Qualification,2026-03-16T12:30:00
MOH-011,,Discovery,2026-01-19T10:15:00
MOH-011,Discovery,Qualification,2026-01-29T12:30:00
MOH-012,,Discovery,2026-04-16T10:45:00
MOH-012,Discovery,Qualification,2026-05-05T10:00:00
MOH-013,,Discovery,2026-01-19T16:00:00
MOH-013,Discovery,Qualification,2026-02-06T15:00:00
MOH-014,,Discovery,2026-04-17T08:30:00
MOH-014,Discovery,Qualification,2026-05-04T16:30:00
MOH-015,,Discovery,2026-01-21T16:30:00
MOH-015,Discovery,Qualification,2026-02-03T15:15:00
MOH-016,,Discovery,2026-02-05T15:45:00
MOH-016,Discovery,Qualification,2026-02-15T08:15:00
MOH-017,,Discovery,2026-01-22T11:30:00
MOH-017,Discovery,Qualification,2026-02-06T11:45:00
MOH-018,,Discovery,2026-03-12T15:15:00
MOH-018,Discovery,Qualification,2026-04-02T12:45:00
MOH-019,,Discovery,2026-01-16T11:45:00
MOH-019,Discovery,Qualification,2026-01-29T16:30:00
MOH-020,,Discovery,2026-02-17T13:30:00
MOH-020,Discovery,Qualification,2026-03-04T12:45:00
MOH-021,,Discovery,2026-04-01T17:45:00
MOH-021,Discovery,Qualification,2026-04-20T09:45:00
MOH-022,,Discovery,2026-03-02T08:30:00
MOH-022,Discovery,Qualification,2026-03-22T09:45:00
MOH-023,,Discovery,2026-01-01T08:00:00
MOH-023,Discovery,Qualification,2026-01-16T15:00:00
MOH-024,,Discovery,2026-02-20T08:30:00
MOH-024,Discovery,Qualification,2026-03-02T17:00:00
MOH-025,,Discovery,2026-03-27T15:45:00
MOH-025,Discovery,Qualification,2026-04-05T16:45:00
MOH-026,,Discovery,2026-03-20T09:00:00
MOH-026,Discovery,Qualification,2026-03-31T11:30:00
MOH-027,,Discovery,2026-01-07T10:15:00
MOH-027,Discovery,Qualification,2026-01-20T16:00:00
MOH-028,,Discovery,2026-03-09T13:15:00
MOH-028,Discovery,Qualification,2026-03-21T08:00:00
MOH-029,,Discovery,2026-03-31T14:00:00
MOH-029,Discovery,Qualification,2026-04-08T14:30:00
MOH-030,,Discovery,2026-01-09T14:30:00
MOH-030,Discovery,Qualification,2026-01-27T11:15:00
MOH-031,,Discovery,2026-04-17T11:30:00
MOH-031,Discovery,Qualification,2026-04-26T09:30:00
MOH-032,,Discovery,2026-02-12T11:30:00
MOH-032,Discovery,Qualification,2026-03-02T13:00:00
MOH-033,,Discovery,2026-01-23T09:00:00
MOH-033,Discovery,Qualification,2026-02-12T16:00:00
MOH-034,,Discovery,2026-03-17T10:30:00
MOH-034,Discovery,Qualification,2026-04-04T12:45:00
MOH-035,,Discovery,2026-03-18T13:45:00
MOH-035,Discovery,Qualification,2026-03-30T09:00:00
MOH-036,,Discovery,2026-04-14T14:45:00
MOH-036,Discovery,Qualification,2026-04-27T11:15:00
MOH-037,,Discovery,2026-03-20T13:45:00
MOH-037,Discovery,Qualification,2026-04-03T09:45:00
MOH-038,,Discovery,2026-04-10T10:00:00
MOH-038,Discovery,Qualification,2026-04-27T13:45:00
MOH-039,,Discovery,2026-02-09T15:15:00
MOH-039,Discovery,Qualification,2026-02-28T11:45:00
MOH-040,,Discovery,2026-03-12T11:45:00
MOH-040,Discovery,Qualification,2026-03-27T11:45:00
MOH-041,,Discovery,2026-03-04T12:30:00
MOH-041,Discovery,Qualification,2026-03-26T14:45:00
MOH-042,,Discovery,2026-01-15T08:45:00
MOH-042,Discovery,Qualification,2026-01-29T09:30:00
MOH-043,,Discovery,2026-01-07T15:00:00
MOH-043,Discovery,Qualification,2026-01-26T10:45:00
MOH-044,,Discovery,2026-01-13T10:15:00
MOH-044,Discovery,Qualification,2026-01-26T16:15:00
MOH-045,,Discovery,2026-03-09T12:00:00
MOH-045,Discovery,Qualification,2026-03-27T16:45:00
MOH-046,,Discovery,2026-01-12T13:00:00
MOH-046,Discovery,Qualification,2026-01-28T17:30:00
MOH-047,,Discovery,2026-04-16T17:15:00
MOH-047,Discovery,Qualification,2026-05-03T08:15:00
MOH-048,,Discovery,2026-02-05T08:45:00
MOH-048,Discovery,Qualification,2026-02-16T10:15:00
MOH-049,,Discovery,2026-01-05T13:45:00
MOH-049,Discovery,Qualification,2026-01-27T14:30:00
MOH-050,,Discovery,2026-02-25T14:30:00
MOH-050,Discovery,Qualification,2026-03-15T16:45:00
MOH-051,,Discovery,2026-01-23T12:30:00
MOH-051,Discovery,Qualification,2026-02-14T13:00:00
MOH-052,,Discovery,2026-02-24T15:15:00
MOH-052,Discovery,Qualification,2026-03-11T14:00:00
MOH-053,,Discovery,2026-04-15T16:30:00
MOH-053,Discovery,Qualification,2026-05-02T08:15:00
MOH-054,,Discovery,2026-01-13T10:30:00
MOH-054,Discovery,Qualification,2026-01-23T10:30:00
MOH-055,,Discovery,2026-03-06T15:15:00
MOH-055,Discovery,Qualification,2026-03-20T10:30:00
MOH-056,,Discovery,2026-04-15T15:00:00
MOH-056,Discovery,Qualification,2026-05-03T17:00:00
MOH-057,,Discovery,2026-01-29T14:45:00
MOH-057,Discovery,Qualification,2026-02-08T14:00:00
MOH-058,,Discovery,2026-02-25T10:45:00
MOH-058,Discovery,Qualification,2026-03-10T17:30:00
MOH-059,,Discovery,2026-01-12T14:45:00
MOH-059,Discovery,Qualification,2026-02-07T11:00:00
MOH-060,,Discovery,2026-03-26T15:45:00
MOH-060,Discovery,Qualification,2026-04-23T15:00:00
MOH-061,,Discovery,2026-04-03T15:30:00
MOH-061,Discovery,Qualification,2026-04-15T10:30:00
MOH-062,,Discovery,2026-02-04T10:15:00
MOH-062,Discovery,Qualification,2026-02-17T08:45:00
MOH-063,,Discovery,2026-03-04T08:30:00
MOH-063,Discovery,Qualification,2026-03-18T10:45:00
MOH-064,,Discovery,2026-03-16T13:00:00
MOH-064,Discovery,Qualification,2026-03-27T09:15:00
MOH-065,,Discovery,2026-01-28T12:45:00
MOH-065,Discovery,Qualification,2026-02-06T08:15:00
MOH-066,,Discovery,2026-03-05T15:45:00
MOH-066,Discovery,Qualification,2026-03-14T08:15:00
MOH-067,,Discovery,2026-01-29T16:30:00
MOH-067,Discovery,Qualification,2026-02-19T13:15:00
MOH-068,,Discovery,2026-03-13T16:00:00
MOH-068,Discovery,Qualification,2026-03-29T11:30:00
MOH-069,,Discovery,2026-03-17T16:00:00
MOH-069,Discovery,Qualification,2026-04-08T14:15:00
MOH-070,,Discovery,2026-02-11T16:00:00
MOH-070,Discovery,Qualification,2026-02-28T14:45:00
MOH-071,,Discovery,2026-04-08T17:15:00
MOH-071,Discovery,Qualification,2026-04-28T10:45:00
MOH-072,,Discovery,2026-03-24T11:30:00
MOH-072,Discovery,Qualification,2026-04-06T09:15:00
MOH-073,,Discovery,2026-01-09T10:15:00
MOH-073,Discovery,Qualification,2026-01-22T11:30:00
MOH-074,,Discovery,2026-03-11T13:00:00
MOH-074,Discovery,Qualification,2026-03-28T12:45:00
MOH-075,,Discovery,2026-01-28T09:15:00
MOH-075,Discovery,Qualification,2026-02-08T10:45:00
MOH-076,,Discovery,2026-03-24T16:15:00
MOH-076,Discovery,Qualification,2026-04-08T09:45:00
MOH-077,,Discovery,2025-11-17T17:00:00
MOH-077,Discovery,Qualification,2025-11-30T09:00:00
MOH-077,Qualification,Technical Evaluation,2025-12-14T09:30:00
MOH-078,,Discovery,2025-12-05T15:45:00
MOH-078,Discovery,Qualification,2025-12-14T11:15:00
MOH-078,Qualification,Technical Evaluation,2026-01-02T13:15:00
MOH-079,,Discovery,2026-02-04T16:30:00
MOH-079,Discovery,Technical Evaluation,2026-02-21T16:30:00
MOH-080,,Discovery,2026-02-10T08:30:00
MOH-080,Discovery,Qualification,2026-02-22T09:30:00
MOH-080,Qualification,Technical Evaluation,2026-04-02T17:45:00
MOH-081,,Discovery,2026-03-17T16:45:00
MOH-081,Discovery,Qualification,2026-04-04T15:15:00
MOH-081,Qualification,Technical Evaluation,2026-05-01T13:15:00
MOH-082,,Discovery,2025-12-10T13:00:00
MOH-082,Discovery,Qualification,2025-12-24T12:15:00
MOH-082,Qualification,Technical Evaluation,2026-02-02T12:45:00
MOH-083,,Discovery,2025-10-02T16:00:00
MOH-083,Discovery,Qualification,2025-10-27T13:30:00
MOH-083,Qualification,Technical Evaluation,2025-12-05T14:15:00
MOH-084,,Discovery,2026-02-20T16:30:00
MOH-084,Discovery,Qualification,2026-03-22T09:15:00
MOH-084,Qualification,Technical Evaluation,2026-04-28T09:45:00
MOH-085,,Discovery,2025-10-10T14:00:00
MOH-085,Discovery,Qualification,2025-10-26T12:00:00
MOH-085,Qualification,Technical Evaluation,2025-11-24T09:30:00
MOH-086,,Discovery,2026-03-16T17:00:00
MOH-086,Discovery,Qualification,2026-03-29T15:00:00
MOH-086,Qualification,Technical Evaluation,2026-05-18T16:15:00
MOH-087,,Discovery,2025-11-11T16:30:00
MOH-087,Discovery,Qualification,2025-11-22T09:45:00
MOH-087,Qualification,Technical Evaluation,2025-12-23T09:45:00
MOH-088,,Discovery,2026-02-25T08:45:00
MOH-088,Discovery,Qualification,2026-03-11T09:00:00
MOH-088,Qualification,Technical Evaluation,2026-04-13T16:30:00
MOH-089,,Discovery,2026-02-11T10:45:00
MOH-089,Discovery,Qualification,2026-02-27T13:15:00
MOH-089,Qualification,Technical Evaluation,2026-04-18T09:00:00
MOH-090,,Discovery,2025-12-12T17:30:00
MOH-090,Discovery,Qualification,2025-12-21T13:30:00
MOH-090,Qualification,Technical Evaluation,2026-01-15T10:00:00
MOH-091,,Discovery,2026-02-23T16:45:00
MOH-091,Discovery,Qualification,2026-03-09T09:00:00
MOH-091,Qualification,Technical Evaluation,2026-03-30T16:00:00
MOH-092,,Discovery,2025-11-04T08:15:00
MOH-092,Discovery,Qualification,2025-11-15T14:45:00
MOH-092,Qualification,Technical Evaluation,2025-12-16T13:45:00
MOH-093,,Discovery,2026-03-19T12:15:00
MOH-093,Discovery,Qualification,2026-04-02T11:15:00
MOH-093,Qualification,Technical Evaluation,2026-04-27T13:30:00
MOH-094,,Discovery,2025-12-16T13:00:00
MOH-094,Discovery,Qualification,2026-01-02T15:30:00
MOH-094,Qualification,Technical Evaluation,2026-02-07T14:30:00
MOH-095,,Discovery,2025-11-12T09:45:00
MOH-095,Discovery,Technical Evaluation,2025-11-25T14:45:00
MOH-096,,Discovery,2026-02-18T09:00:00
MOH-096,Discovery,Qualification,2026-03-06T15:15:00
MOH-096,Qualification,Technical Evaluation,2026-04-04T16:15:00
MOH-097,,Discovery,2025-10-28T14:30:00
MOH-097,Discovery,Qualification,2025-11-17T12:45:00
MOH-097,Qualification,Technical Evaluation,2025-12-30T12:30:00
MOH-098,,Discovery,2025-10-16T14:00:00
MOH-098,Discovery,Qualification,2025-10-31T12:30:00
MOH-098,Qualification,Technical Evaluation,2025-11-20T12:15:00
MOH-099,,Discovery,2025-12-15T15:45:00
MOH-099,Discovery,Qualification,2026-01-06T14:30:00
MOH-099,Qualification,Technical Evaluation,2026-02-07T09:30:00
MOH-100,,Discovery,2026-01-30T14:15:00
MOH-100,Discovery,Technical Evaluation,2026-02-26T17:45:00
MOH-101,,Discovery,2025-11-06T17:00:00
MOH-101,Discovery,Qualification,2025-11-24T10:15:00
MOH-101,Qualification,Technical Evaluation,2026-01-01T14:30:00
MOH-102,,Discovery,2026-03-31T14:00:00
MOH-102,Discovery,Qualification,2026-04-21T16:15:00
MOH-102,Qualification,Technical Evaluation,2026-05-15T11:30:00
MOH-103,,Discovery,2025-10-10T08:30:00
MOH-103,Discovery,Qualification,2025-10-30T14:00:00
MOH-103,Qualification,Technical Evaluation,2025-12-19T15:30:00
MOH-104,,Discovery,2026-03-18T10:00:00
MOH-104,Discovery,Qualification,2026-04-08T12:15:00
MOH-104,Qualification,Technical Evaluation,2026-05-07T08:15:00
MOH-105,,Discovery,2025-11-18T08:15:00
MOH-105,Discovery,Qualification,2025-12-01T12:45:00
MOH-105,Qualification,Technical Evaluation,2025-12-30T14:30:00
MOH-106,,Discovery,2026-01-08T15:00:00
MOH-106,Discovery,Technical Evaluation,2026-01-25T11:30:00
MOH-107,,Discovery,2026-01-14T09:30:00
MOH-107,Discovery,Qualification,2026-02-04T15:45:00
MOH-107,Qualification,Technical Evaluation,2026-03-24T12:45:00
MOH-108,,Discovery,2026-03-05T09:45:00
MOH-108,Discovery,Qualification,2026-03-13T09:45:00
MOH-108,Qualification,Technical Evaluation,2026-03-31T09:30:00
MOH-109,,Discovery,2025-10-21T09:15:00
MOH-109,Discovery,Qualification,2025-11-08T11:45:00
MOH-109,Qualification,Technical Evaluation,2025-12-06T08:45:00
MOH-110,,Discovery,2026-01-01T08:45:00
MOH-110,Discovery,Qualification,2026-01-21T11:15:00
MOH-110,Qualification,Technical Evaluation,2026-02-23T08:15:00
MOH-111,,Discovery,2026-02-26T17:00:00
MOH-111,Discovery,Qualification,2026-03-12T13:00:00
MOH-111,Qualification,Technical Evaluation,2026-04-22T15:00:00
MOH-112,,Discovery,2026-03-16T17:15:00
MOH-112,Discovery,Qualification,2026-03-31T09:45:00
MOH-112,Qualification,Technical Evaluation,2026-04-20T10:30:00
MOH-113,,Discovery,2025-11-26T10:00:00
MOH-113,Discovery,Qualification,2025-12-11T13:15:00
MOH-113,Qualification,Technical Evaluation,2026-01-08T12:15:00
MOH-114,,Discovery,2026-03-05T10:45:00
MOH-114,Discovery,Qualification,2026-03-19T08:30:00
MOH-114,Qualification,Technical Evaluation,2026-04-11T15:15:00
MOH-115,,Discovery,2026-02-02T10:00:00
MOH-115,Discovery,Qualification,2026-02-22T15:15:00
MOH-115,Qualification,Technical Evaluation,2026-03-16T15:30:00
MOH-116,,Discovery,2026-03-27T17:15:00
MOH-116,Discovery,Qualification,2026-04-10T15:00:00
MOH-116,Qualification,Technical Evaluation,2026-05-13T13:45:00
MOH-117,,Discovery,2025-10-13T09:00:00
MOH-117,Discovery,Qualification,2025-10-23T09:15:00
MOH-117,Qualification,Technical Evaluation,2025-12-04T12:45:00
MOH-118,,Discovery,2025-10-23T13:45:00
MOH-118,Discovery,Qualification,2025-11-10T13:45:00
MOH-118,Qualification,Technical Evaluation,2025-12-07T14:15:00
MOH-119,,Discovery,2025-11-11T17:00:00
MOH-119,Discovery,Qualification,2025-11-27T16:30:00
MOH-119,Qualification,Technical Evaluation,2025-12-30T08:15:00
MOH-120,,Discovery,2026-01-30T15:30:00
MOH-120,Discovery,Qualification,2026-02-11T17:15:00
MOH-120,Qualification,Technical Evaluation,2026-03-14T15:15:00
MOH-121,,Discovery,2025-10-03T08:45:00
MOH-121,Discovery,Qualification,2025-10-14T16:45:00
MOH-121,Qualification,Technical Evaluation,2025-11-04T09:15:00
MOH-122,,Discovery,2025-12-02T16:15:00
MOH-122,Discovery,Qualification,2025-12-30T16:30:00
MOH-122,Qualification,Technical Evaluation,2026-02-14T16:00:00
MOH-123,,Discovery,2025-11-07T13:45:00
MOH-123,Discovery,Qualification,2025-11-21T16:45:00
MOH-123,Qualification,Technical Evaluation,2025-12-18T16:30:00
MOH-124,,Discovery,2026-02-05T09:45:00
MOH-124,Discovery,Qualification,2026-02-15T10:15:00
MOH-124,Qualification,Technical Evaluation,2026-03-26T12:30:00
MOH-125,,Discovery,2025-12-23T17:30:00
MOH-125,Discovery,Qualification,2026-01-14T13:15:00
MOH-125,Qualification,Technical Evaluation,2026-02-08T16:45:00
MOH-126,,Discovery,2025-11-13T12:15:00
MOH-126,Discovery,Qualification,2025-12-06T12:00:00
MOH-126,Qualification,Technical Evaluation,2026-01-09T09:45:00
MOH-127,,Discovery,2025-12-12T14:00:00
MOH-127,Discovery,Qualification,2025-12-23T08:00:00
MOH-127,Qualification,Technical Evaluation,2026-01-10T14:15:00
MOH-128,,Discovery,2025-11-19T14:30:00
MOH-128,Discovery,Qualification,2025-12-18T08:30:00
MOH-128,Qualification,Technical Evaluation,2026-01-13T15:45:00
MOH-129,,Discovery,2025-12-25T13:00:00
MOH-129,Discovery,Qualification,2026-01-09T15:45:00
MOH-129,Qualification,Technical Evaluation,2026-02-23T16:15:00
MOH-130,,Discovery,2025-11-14T17:15:00
MOH-130,Discovery,Qualification,2025-12-02T14:45:00
MOH-130,Qualification,Technical Evaluation,2026-01-14T08:00:00
MOH-131,,Discovery,2025-12-15T16:30:00
MOH-131,Discovery,Qualification,2026-01-01T10:30:00
MOH-131,Qualification,Technical Evaluation,2026-01-29T10:00:00
MOH-132,,Discovery,2026-03-12T14:30:00
MOH-132,Discovery,Qualification,2026-03-28T12:00:00
MOH-132,Qualification,Technical Evaluation,2026-04-24T15:30:00
MOH-133,,Discovery,2025-11-05T13:30:00
MOH-133,Discovery,Qualification,2025-11-18T13:30:00
MOH-133,Qualification,Technical Evaluation,2025-12-18T11:00:00
MOH-134,,Discovery,2025-10-17T08:45:00
MOH-134,Discovery,Qualification,2025-10-28T08:45:00
MOH-134,Qualification,Technical Evaluation,2025-11-22T11:30:00
MOH-135,,Discovery,2026-03-03T10:45:00
MOH-135,Discovery,Qualification,2026-03-13T08:00:00
MOH-135,Qualification,Technical Evaluation,2026-04-22T09:15:00
MOH-136,,Discovery,2025-10-23T12:30:00
MOH-136,Discovery,Qualification,2025-11-08T17:00:00
MOH-136,Qualification,Technical Evaluation,2025-12-10T15:00:00
MOH-137,,Discovery,2026-01-08T15:00:00
MOH-137,Discovery,Qualification,2026-01-29T11:15:00
MOH-137,Qualification,Technical Evaluation,2026-03-08T17:45:00
MOH-138,,Discovery,2025-12-30T15:30:00
MOH-138,Discovery,Technical Evaluation,2026-01-18T11:45:00
MOH-139,,Discovery,2025-10-17T14:00:00
MOH-139,Discovery,Qualification,2025-10-25T09:30:00
MOH-139,Qualification,Technical Evaluation,2025-11-18T09:45:00
MOH-140,,Discovery,2025-12-03T17:45:00
MOH-140,Discovery,Qualification,2025-12-31T16:15:00
MOH-140,Qualification,Technical Evaluation,2026-02-14T16:30:00
MOH-141,,Discovery,2026-01-05T12:00:00
MOH-141,Discovery,Technical Evaluation,2026-01-17T11:00:00
MOH-142,,Discovery,2026-04-02T10:00:00
MOH-142,Discovery,Qualification,2026-04-15T12:30:00
MOH-142,Qualification,Technical Evaluation,2026-05-18T09:15:00
MOH-143,,Discovery,2025-12-08T10:15:00
MOH-143,Discovery,Qualification,2025-12-21T14:15:00
MOH-143,Qualification,Technical Evaluation,2026-01-13T10:15:00
MOH-144,,Discovery,2026-03-02T11:45:00
MOH-144,Discovery,Qualification,2026-03-13T17:30:00
MOH-144,Qualification,Technical Evaluation,2026-04-22T09:00:00
MOH-145,,Discovery,2026-03-13T09:00:00
MOH-145,Discovery,Qualification,2026-04-09T15:30:00
MOH-145,Qualification,Technical Evaluation,2026-05-11T17:00:00
MOH-146,,Discovery,2026-01-09T14:15:00
MOH-146,Discovery,Qualification,2026-01-19T11:15:00
MOH-146,Qualification,Technical Evaluation,2026-02-11T13:30:00
MOH-147,,Discovery,2026-03-20T13:15:00
MOH-147,Discovery,Qualification,2026-04-05T11:00:00
MOH-147,Qualification,Technical Evaluation,2026-05-07T15:15:00
MOH-148,,Discovery,2025-11-19T11:30:00
MOH-148,Discovery,Qualification,2025-12-03T16:15:00
MOH-148,Qualification,Technical Evaluation,2025-12-22T17:00:00
MOH-149,,Discovery,2026-01-14T17:00:00
MOH-149,Discovery,Qualification,2026-01-26T14:30:00
MOH-149,Qualification,Technical Evaluation,2026-03-09T11:15:00
MOH-150,,Discovery,2025-12-30T10:15:00
MOH-150,Discovery,Qualification,2026-01-13T13:00:00
MOH-150,Qualification,Technical Evaluation,2026-02-05T13:30:00
MOH-151,,Discovery,2025-11-14T13:15:00
MOH-151,Discovery,Qualification,2025-11-25T12:15:00
MOH-151,Qualification,Technical Evaluation,2025-12-13T12:00:00
MOH-152,,Discovery,2026-03-11T09:15:00
MOH-152,Discovery,Qualification,2026-03-30T12:30:00
MOH-152,Qualification,Technical Evaluation,2026-05-09T09:45:00
MOH-153,,Discovery,2026-01-26T11:00:00
MOH-153,Discovery,Qualification,2026-02-08T14:15:00
MOH-153,Qualification,Technical Evaluation,2026-02-28T12:15:00
MOH-154,,Discovery,2026-01-15T12:45:00
MOH-154,Discovery,Qualification,2026-01-26T14:45:00
MOH-154,Qualification,Technical Evaluation,2026-03-06T08:45:00
MOH-155,,Discovery,2025-12-05T08:15:00
MOH-155,Discovery,Qualification,2025-12-27T09:15:00
MOH-155,Qualification,Technical Evaluation,2026-01-20T09:00:00
MOH-156,,Discovery,2026-03-16T10:00:00
MOH-156,Discovery,Qualification,2026-03-26T12:45:00
MOH-156,Qualification,Technical Evaluation,2026-04-13T09:30:00
MOH-157,,Discovery,2026-02-17T12:15:00
MOH-157,Discovery,Qualification,2026-03-16T10:00:00
MOH-157,Qualification,Technical Evaluation,2026-04-24T11:45:00
MOH-158,,Discovery,2026-03-02T12:45:00
MOH-158,Discovery,Technical Evaluation,2026-03-13T17:30:00
MOH-159,,Discovery,2025-08-19T15:45:00
MOH-159,Discovery,Qualification,2025-09-08T08:00:00
MOH-159,Qualification,Business Case,2025-10-04T08:30:00
MOH-160,,Discovery,2025-08-07T11:00:00
MOH-160,Discovery,Qualification,2025-08-23T08:30:00
MOH-160,Qualification,Technical Evaluation,2025-10-03T16:00:00
MOH-160,Technical Evaluation,Business Case,2025-11-24T15:30:00
MOH-161,,Discovery,2025-09-01T17:45:00
MOH-161,Discovery,Technical Evaluation,2025-09-13T09:45:00
MOH-161,Technical Evaluation,Business Case,2025-10-17T09:45:00
MOH-162,,Discovery,2026-02-19T16:45:00
MOH-162,Discovery,Qualification,2026-03-01T17:15:00
MOH-162,Qualification,Technical Evaluation,2026-03-27T08:00:00
MOH-162,Technical Evaluation,Business Case,2026-04-18T09:30:00
MOH-163,,Discovery,2025-09-24T13:30:00
MOH-163,Discovery,Technical Evaluation,2025-10-12T17:45:00
MOH-163,Technical Evaluation,Business Case,2025-11-25T13:00:00
MOH-164,,Discovery,2025-09-24T09:30:00
MOH-164,Discovery,Qualification,2025-10-22T11:45:00
MOH-164,Qualification,Business Case,2025-12-05T14:00:00
MOH-165,,Discovery,2026-01-08T09:00:00
MOH-165,Discovery,Qualification,2026-01-26T17:00:00
MOH-165,Qualification,Technical Evaluation,2026-02-18T16:00:00
MOH-165,Technical Evaluation,Business Case,2026-04-05T11:00:00
MOH-166,,Discovery,2025-12-08T12:45:00
MOH-166,Discovery,Qualification,2025-12-19T14:30:00
MOH-166,Qualification,Technical Evaluation,2026-01-20T12:00:00
MOH-166,Technical Evaluation,Business Case,2026-02-09T14:30:00
MOH-167,,Discovery,2026-01-05T10:45:00
MOH-167,Discovery,Qualification,2026-01-30T16:45:00
MOH-167,Qualification,Technical Evaluation,2026-02-22T14:00:00
MOH-167,Technical Evaluation,Business Case,2026-04-09T12:00:00
MOH-168,,Discovery,2025-08-08T12:30:00
MOH-168,Discovery,Qualification,2025-08-29T15:15:00
MOH-168,Qualification,Technical Evaluation,2025-09-22T16:30:00
MOH-168,Technical Evaluation,Business Case,2025-11-19T13:15:00
MOH-169,,Discovery,2026-02-13T13:45:00
MOH-169,Discovery,Qualification,2026-03-03T16:30:00
MOH-169,Qualification,Business Case,2026-04-04T11:15:00
MOH-170,,Discovery,2025-12-16T15:30:00
MOH-170,Discovery,Qualification,2026-01-12T09:30:00
MOH-170,Qualification,Technical Evaluation,2026-02-11T09:00:00
MOH-170,Technical Evaluation,Business Case,2026-03-20T10:30:00
MOH-171,,Discovery,2026-02-02T11:30:00
MOH-171,Discovery,Qualification,2026-02-13T17:45:00
MOH-171,Qualification,Technical Evaluation,2026-03-25T14:00:00
MOH-171,Technical Evaluation,Business Case,2026-05-16T15:15:00
MOH-172,,Discovery,2025-12-11T14:15:00
MOH-172,Discovery,Qualification,2025-12-22T16:15:00
MOH-172,Qualification,Technical Evaluation,2026-01-17T16:00:00
MOH-172,Technical Evaluation,Business Case,2026-02-21T08:00:00
MOH-173,,Discovery,2026-03-11T11:30:00
MOH-173,Discovery,Qualification,2026-03-22T10:00:00
MOH-173,Qualification,Business Case,2026-04-24T17:30:00
MOH-174,,Discovery,2026-01-12T08:45:00
MOH-174,Discovery,Qualification,2026-01-27T09:30:00
MOH-174,Qualification,Business Case,2026-02-22T12:45:00
MOH-175,,Discovery,2025-09-05T15:30:00
MOH-175,Discovery,Qualification,2025-09-27T08:45:00
MOH-175,Qualification,Technical Evaluation,2025-11-01T09:30:00
MOH-175,Technical Evaluation,Business Case,2025-12-28T17:00:00
MOH-176,,Discovery,2026-02-02T17:00:00
MOH-176,Discovery,Qualification,2026-02-10T12:30:00
MOH-176,Qualification,Technical Evaluation,2026-03-10T17:30:00
MOH-176,Technical Evaluation,Business Case,2026-04-01T09:00:00
MOH-177,,Discovery,2025-08-27T14:15:00
MOH-177,Discovery,Qualification,2025-09-08T08:45:00
MOH-177,Qualification,Technical Evaluation,2025-10-11T16:45:00
MOH-177,Technical Evaluation,Business Case,2025-11-18T16:00:00
MOH-178,,Discovery,2025-09-02T13:00:00
MOH-178,Discovery,Qualification,2025-09-19T13:00:00
MOH-178,Qualification,Technical Evaluation,2025-10-08T16:45:00
MOH-178,Technical Evaluation,Business Case,2025-11-17T15:15:00
MOH-179,,Discovery,2026-01-20T08:00:00
MOH-179,Discovery,Technical Evaluation,2026-02-08T16:15:00
MOH-179,Technical Evaluation,Business Case,2026-03-10T12:15:00
MOH-180,,Discovery,2025-12-23T11:00:00
MOH-180,Discovery,Qualification,2026-01-08T13:00:00
MOH-180,Qualification,Technical Evaluation,2026-02-02T08:00:00
MOH-180,Technical Evaluation,Business Case,2026-03-10T11:00:00
MOH-181,,Discovery,2025-09-16T12:30:00
MOH-181,Discovery,Qualification,2025-09-29T13:00:00
MOH-181,Qualification,Business Case,2025-11-01T12:00:00
MOH-182,,Discovery,2025-10-29T08:15:00
MOH-182,Discovery,Qualification,2025-11-16T14:45:00
MOH-182,Qualification,Technical Evaluation,2025-12-22T11:30:00
MOH-182,Technical Evaluation,Business Case,2026-01-28T08:00:00
MOH-183,,Discovery,2025-12-18T15:15:00
MOH-183,Discovery,Qualification,2026-01-03T15:00:00
MOH-183,Qualification,Business Case,2026-01-21T15:45:00
MOH-184,,Discovery,2025-12-26T11:45:00
MOH-184,Discovery,Qualification,2026-01-08T10:30:00
MOH-184,Qualification,Technical Evaluation,2026-02-14T09:15:00
MOH-184,Technical Evaluation,Business Case,2026-03-14T17:00:00
MOH-185,,Discovery,2026-01-27T16:30:00
MOH-185,Discovery,Qualification,2026-02-18T12:00:00
MOH-185,Qualification,Technical Evaluation,2026-03-24T12:15:00
MOH-185,Technical Evaluation,Business Case,2026-05-11T11:00:00
MOH-186,,Discovery,2025-10-17T14:30:00
MOH-186,Discovery,Qualification,2025-10-28T16:15:00
MOH-186,Qualification,Technical Evaluation,2025-11-23T16:00:00
MOH-186,Technical Evaluation,Business Case,2026-01-06T12:15:00
MOH-187,,Discovery,2026-02-11T08:30:00
MOH-187,Discovery,Qualification,2026-02-21T10:45:00
MOH-187,Qualification,Business Case,2026-03-13T10:45:00
MOH-188,,Discovery,2025-08-05T11:15:00
MOH-188,Discovery,Qualification,2025-08-15T15:45:00
MOH-188,Qualification,Technical Evaluation,2025-09-04T14:30:00
MOH-188,Technical Evaluation,Business Case,2025-10-22T11:30:00
MOH-189,,Discovery,2025-09-10T13:15:00
MOH-189,Discovery,Qualification,2025-09-19T14:15:00
MOH-189,Qualification,Technical Evaluation,2025-10-20T08:45:00
MOH-189,Technical Evaluation,Business Case,2025-11-27T14:30:00
MOH-190,,Discovery,2025-09-02T17:45:00
MOH-190,Discovery,Qualification,2025-09-19T10:00:00
MOH-190,Qualification,Technical Evaluation,2025-10-11T16:15:00
MOH-190,Technical Evaluation,Business Case,2025-11-30T15:15:00
MOH-191,,Discovery,2025-07-13T15:30:00
MOH-191,Discovery,Qualification,2025-08-12T11:45:00
MOH-191,Qualification,Technical Evaluation,2025-09-22T14:15:00
MOH-191,Technical Evaluation,Business Case,2025-10-30T14:15:00
MOH-192,,Discovery,2025-09-22T09:00:00
MOH-192,Discovery,Qualification,2025-10-03T16:15:00
MOH-192,Qualification,Technical Evaluation,2025-10-26T12:00:00
MOH-192,Technical Evaluation,Business Case,2025-12-07T10:45:00
MOH-193,,Discovery,2026-02-02T10:00:00
MOH-193,Discovery,Qualification,2026-02-19T12:15:00
MOH-193,Qualification,Technical Evaluation,2026-03-18T17:45:00
MOH-193,Technical Evaluation,Business Case,2026-04-23T13:00:00
MOH-194,,Discovery,2026-02-17T11:30:00
MOH-194,Discovery,Technical Evaluation,2026-02-27T13:15:00
MOH-194,Technical Evaluation,Business Case,2026-03-20T08:00:00
MOH-195,,Discovery,2025-08-18T17:15:00
MOH-195,Discovery,Qualification,2025-09-02T12:45:00
MOH-195,Qualification,Technical Evaluation,2025-10-12T14:45:00
MOH-195,Technical Evaluation,Business Case,2025-11-27T14:15:00
MOH-196,,Discovery,2025-11-18T08:45:00
MOH-196,Discovery,Qualification,2025-12-10T15:30:00
MOH-196,Qualification,Technical Evaluation,2026-01-17T15:15:00
MOH-196,Technical Evaluation,Business Case,2026-02-17T11:30:00
MOH-197,,Discovery,2025-12-15T08:45:00
MOH-197,Discovery,Qualification,2025-12-27T08:00:00
MOH-197,Qualification,Technical Evaluation,2026-01-30T08:15:00
MOH-197,Technical Evaluation,Business Case,2026-03-04T08:00:00
MOH-198,,Discovery,2026-01-16T16:00:00
MOH-198,Discovery,Qualification,2026-01-29T09:00:00
MOH-198,Qualification,Technical Evaluation,2026-02-16T17:30:00
MOH-198,Technical Evaluation,Business Case,2026-03-16T15:00:00
MOH-199,,Discovery,2025-12-10T09:00:00
MOH-199,Discovery,Qualification,2025-12-24T11:15:00
MOH-199,Qualification,Technical Evaluation,2026-01-19T16:30:00
MOH-199,Technical Evaluation,Business Case,2026-02-26T10:30:00
MOH-200,,Discovery,2026-02-05T13:45:00
MOH-200,Discovery,Qualification,2026-02-21T11:00:00
MOH-200,Qualification,Technical Evaluation,2026-03-12T12:00:00
MOH-200,Technical Evaluation,Business Case,2026-04-11T13:30:00
MOH-201,,Discovery,2025-12-12T08:30:00
MOH-201,Discovery,Qualification,2025-12-25T14:30:00
MOH-201,Qualification,Technical Evaluation,2026-01-25T10:45:00
MOH-201,Technical Evaluation,Business Case,2026-02-24T15:30:00
MOH-202,,Discovery,2025-08-22T09:00:00
MOH-202,Discovery,Qualification,2025-09-11T08:30:00
MOH-202,Qualification,Technical Evaluation,2025-10-23T17:15:00
MOH-202,Technical Evaluation,Business Case,2025-11-17T12:30:00
MOH-203,,Discovery,2025-12-02T14:00:00
MOH-203,Discovery,Qualification,2025-12-20T14:45:00
MOH-203,Qualification,Technical Evaluation,2026-01-21T12:45:00
MOH-203,Technical Evaluation,Business Case,2026-02-11T16:45:00
MOH-204,,Discovery,2025-09-25T13:30:00
MOH-204,Discovery,Qualification,2025-10-06T12:15:00
MOH-204,Qualification,Technical Evaluation,2025-10-23T14:45:00
MOH-204,Technical Evaluation,Business Case,2025-11-21T14:45:00
MOH-205,,Discovery,2025-11-06T15:45:00
MOH-205,Discovery,Qualification,2025-11-18T12:45:00
MOH-205,Qualification,Technical Evaluation,2025-12-12T08:45:00
MOH-205,Technical Evaluation,Business Case,2026-01-16T16:15:00
MOH-206,,Discovery,2026-01-14T14:15:00
MOH-206,Discovery,Qualification,2026-01-28T10:45:00
MOH-206,Qualification,Technical Evaluation,2026-02-14T15:00:00
MOH-206,Technical Evaluation,Business Case,2026-03-21T15:00:00
MOH-207,,Discovery,2025-08-26T15:45:00
MOH-207,Discovery,Qualification,2025-09-11T16:00:00
MOH-207,Qualification,Technical Evaluation,2025-10-12T10:15:00
MOH-207,Technical Evaluation,Business Case,2025-11-10T17:15:00
MOH-208,,Discovery,2025-12-12T13:45:00
MOH-208,Discovery,Technical Evaluation,2025-12-28T14:45:00
MOH-208,Technical Evaluation,Business Case,2026-02-06T10:15:00
MOH-209,,Discovery,2025-09-05T13:15:00
MOH-209,Discovery,Qualification,2025-09-26T10:15:00
MOH-209,Qualification,Technical Evaluation,2025-10-20T09:30:00
MOH-209,Technical Evaluation,Business Case,2025-11-27T08:30:00
MOH-210,,Discovery,2025-09-16T14:45:00
MOH-210,Discovery,Qualification,2025-10-04T08:30:00
MOH-210,Qualification,Business Case,2025-11-14T12:15:00
MOH-211,,Discovery,2025-12-05T13:45:00
MOH-211,Discovery,Qualification,2025-12-16T11:15:00
MOH-211,Qualification,Technical Evaluation,2026-01-05T12:45:00
MOH-211,Technical Evaluation,Business Case,2026-02-18T14:45:00
MOH-212,,Discovery,2025-08-07T08:45:00
MOH-212,Discovery,Qualification,2025-08-18T14:15:00
MOH-212,Qualification,Technical Evaluation,2025-09-10T10:45:00
MOH-212,Technical Evaluation,Business Case,2025-10-03T17:45:00
MOH-213,,Discovery,2025-09-20T09:00:00
MOH-213,Discovery,Qualification,2025-10-12T10:45:00
MOH-213,Qualification,Technical Evaluation,2025-12-01T09:45:00
MOH-213,Technical Evaluation,Business Case,2026-01-29T14:45:00
MOH-214,,Discovery,2025-09-09T09:30:00
MOH-214,Discovery,Technical Evaluation,2025-09-22T12:15:00
MOH-214,Technical Evaluation,Business Case,2025-10-29T13:30:00
MOH-215,,Discovery,2025-11-07T15:15:00
MOH-215,Discovery,Qualification,2025-11-25T10:30:00
MOH-215,Qualification,Business Case,2026-01-04T16:30:00
MOH-216,,Discovery,2025-08-25T10:45:00
MOH-216,Discovery,Qualification,2025-09-21T15:30:00
MOH-216,Qualification,Technical Evaluation,2025-11-09T09:00:00
MOH-216,Technical Evaluation,Business Case,2025-12-10T13:45:00
MOH-217,,Discovery,2026-01-19T08:00:00
MOH-217,Discovery,Technical Evaluation,2026-01-30T16:00:00
MOH-217,Technical Evaluation,Business Case,2026-03-12T17:00:00
MOH-218,,Discovery,2026-03-04T08:15:00
MOH-218,Discovery,Qualification,2026-03-21T10:15:00
MOH-218,Qualification,Technical Evaluation,2026-04-05T09:15:00
MOH-218,Technical Evaluation,Business Case,2026-05-14T16:00:00
MOH-219,,Discovery,2025-10-20T09:45:00
MOH-219,Discovery,Qualification,2025-11-04T14:30:00
MOH-219,Qualification,Technical Evaluation,2025-12-03T13:00:00
MOH-219,Technical Evaluation,Business Case,2026-01-09T17:45:00
MOH-220,,Discovery,2026-02-02T09:15:00
MOH-220,Discovery,Technical Evaluation,2026-02-17T12:30:00
MOH-220,Technical Evaluation,Business Case,2026-04-10T09:30:00
MOH-221,,Discovery,2025-09-08T16:00:00
MOH-221,Discovery,Qualification,2025-09-22T11:15:00
MOH-221,Qualification,Technical Evaluation,2025-10-30T17:45:00
MOH-221,Technical Evaluation,Business Case,2025-11-28T09:15:00
MOH-222,,Discovery,2025-10-13T08:30:00
MOH-222,Discovery,Qualification,2025-10-26T10:15:00
MOH-222,Qualification,Technical Evaluation,2025-12-01T11:45:00
MOH-222,Technical Evaluation,Business Case,2026-01-29T16:00:00
MOH-223,,Discovery,2025-08-18T16:15:00
MOH-223,Discovery,Qualification,2025-08-28T10:45:00
MOH-223,Qualification,Technical Evaluation,2025-09-26T11:00:00
MOH-223,Technical Evaluation,Business Case,2025-10-26T08:00:00
MOH-224,,Discovery,2025-10-23T14:00:00
MOH-224,Discovery,Qualification,2025-11-07T09:00:00
MOH-224,Qualification,Technical Evaluation,2025-11-29T15:45:00
MOH-224,Technical Evaluation,Business Case,2026-01-02T12:15:00
MOH-225,,Discovery,2026-03-13T13:45:00
MOH-225,Discovery,Qualification,2026-03-25T16:15:00
MOH-225,Qualification,Technical Evaluation,2026-04-20T15:45:00
MOH-225,Technical Evaluation,Business Case,2026-05-24T12:45:00
MOH-226,,Discovery,2026-01-12T10:45:00
MOH-226,Discovery,Qualification,2026-01-23T12:15:00
MOH-226,Qualification,Technical Evaluation,2026-02-13T17:45:00
MOH-226,Technical Evaluation,Business Case,2026-03-20T17:45:00
MOH-227,,Discovery,2025-09-18T10:15:00
MOH-227,Discovery,Qualification,2025-10-04T10:00:00
MOH-227,Qualification,Technical Evaluation,2025-10-27T10:15:00
MOH-227,Technical Evaluation,Business Case,2025-12-15T14:30:00
MOH-228,,Discovery,2026-02-03T13:30:00
MOH-228,Discovery,Qualification,2026-02-20T15:45:00
MOH-228,Qualification,Technical Evaluation,2026-03-21T08:15:00
MOH-228,Technical Evaluation,Business Case,2026-05-06T16:15:00
MOH-229,,Discovery,2025-11-10T14:00:00
MOH-229,Discovery,Qualification,2025-11-30T09:00:00
MOH-229,Qualification,Technical Evaluation,2026-01-10T12:30:00
MOH-229,Technical Evaluation,Business Case,2026-02-22T11:30:00
MOH-230,,Discovery,2025-09-24T10:00:00
MOH-230,Discovery,Qualification,2025-10-14T10:45:00
MOH-230,Qualification,Technical Evaluation,2025-11-11T13:00:00
MOH-230,Technical Evaluation,Business Case,2026-01-01T13:30:00
MOH-231,,Discovery,2025-10-15T16:00:00
MOH-231,Discovery,Qualification,2025-10-24T10:45:00
MOH-231,Qualification,Technical Evaluation,2025-11-18T17:15:00
MOH-231,Technical Evaluation,Business Case,2025-12-14T08:30:00
MOH-232,,Discovery,2025-08-13T17:00:00
MOH-232,Discovery,Qualification,2025-08-29T16:15:00
MOH-232,Qualification,Business Case,2025-09-20T09:00:00
MOH-233,,Discovery,2025-09-24T09:45:00
MOH-233,Discovery,Qualification,2025-10-15T10:45:00
MOH-233,Qualification,Technical Evaluation,2025-11-06T16:30:00
MOH-233,Technical Evaluation,Business Case,2025-12-19T16:00:00
MOH-234,,Discovery,2026-01-27T13:45:00
MOH-234,Discovery,Technical Evaluation,2026-02-07T17:30:00
MOH-234,Technical Evaluation,Business Case,2026-03-06T12:15:00
MOH-235,,Discovery,2026-02-13T16:45:00
MOH-235,Discovery,Qualification,2026-02-24T09:30:00
MOH-235,Qualification,Technical Evaluation,2026-03-21T09:00:00
MOH-235,Technical Evaluation,Business Case,2026-05-09T10:00:00
MOH-236,,Discovery,2025-11-03T15:15:00
MOH-236,Discovery,Technical Evaluation,2025-11-20T08:30:00
MOH-236,Technical Evaluation,Business Case,2026-01-10T11:30:00
MOH-237,,Discovery,2025-10-28T14:45:00
MOH-237,Discovery,Qualification,2025-11-14T13:15:00
MOH-237,Qualification,Technical Evaluation,2025-12-14T17:00:00
MOH-237,Technical Evaluation,Business Case,2026-01-19T13:00:00
MOH-238,,Discovery,2025-12-05T09:00:00
MOH-238,Discovery,Qualification,2025-12-27T09:30:00
MOH-238,Qualification,Business Case,2026-01-28T16:15:00
MOH-239,,Discovery,2025-08-29T13:00:00
MOH-239,Discovery,Qualification,2025-09-08T15:30:00
MOH-239,Qualification,Technical Evaluation,2025-10-06T11:45:00
MOH-239,Technical Evaluation,Business Case,2025-11-27T12:30:00
MOH-240,,Discovery,2025-12-15T13:45:00
MOH-240,Discovery,Qualification,2025-12-25T11:45:00
MOH-240,Qualification,Technical Evaluation,2026-01-23T16:15:00
MOH-240,Technical Evaluation,Business Case,2026-03-10T12:30:00
MOH-241,,Discovery,2026-01-01T14:30:00
MOH-241,Discovery,Qualification,2026-01-25T09:30:00
MOH-241,Qualification,Technical Evaluation,2026-03-07T13:30:00
MOH-241,Technical Evaluation,Business Case,2026-05-04T10:00:00
MOH-242,,Discovery,2025-11-25T10:15:00
MOH-242,Discovery,Qualification,2025-12-13T13:45:00
MOH-242,Qualification,Technical Evaluation,2026-01-08T17:45:00
MOH-242,Technical Evaluation,Business Case,2026-02-06T09:30:00
MOH-243,,Discovery,2025-08-05T08:45:00
MOH-243,Discovery,Qualification,2025-08-18T08:00:00
MOH-243,Qualification,Technical Evaluation,2025-09-07T08:30:00
MOH-243,Technical Evaluation,Business Case,2025-10-08T14:45:00
MOH-244,,Discovery,2026-03-18T14:15:00
MOH-244,Discovery,Qualification,2026-03-28T17:15:00
MOH-244,Qualification,Technical Evaluation,2026-04-30T10:45:00
MOH-244,Technical Evaluation,Business Case,2026-05-25T17:00:00
MOH-245,,Discovery,2025-11-05T08:30:00
MOH-245,Discovery,Technical Evaluation,2025-11-18T14:30:00
MOH-245,Technical Evaluation,Business Case,2026-01-09T17:45:00
MOH-246,,Discovery,2025-11-07T11:15:00
MOH-246,Discovery,Qualification,2025-12-04T10:00:00
MOH-246,Qualification,Technical Evaluation,2025-12-30T10:30:00
MOH-246,Technical Evaluation,Business Case,2026-02-19T15:00:00
MOH-247,,Discovery,2025-09-03T13:30:00
MOH-247,Discovery,Qualification,2025-09-24T10:45:00
MOH-247,Qualification,Technical Evaluation,2025-10-27T11:15:00
MOH-247,Technical Evaluation,Business Case,2025-11-20T13:45:00
MOH-248,,Discovery,2025-08-27T11:00:00
MOH-248,Discovery,Qualification,2025-09-23T09:00:00
MOH-248,Qualification,Technical Evaluation,2025-11-06T09:30:00
MOH-248,Technical Evaluation,Business Case,2025-12-30T13:30:00
MOH-249,,Discovery,2026-02-06T13:45:00
MOH-249,Discovery,Qualification,2026-02-15T11:15:00
MOH-249,Qualification,Technical Evaluation,2026-03-15T08:15:00
MOH-249,Technical Evaluation,Business Case,2026-04-18T13:30:00
MOH-250,,Discovery,2025-11-12T08:15:00
MOH-250,Discovery,Qualification,2025-12-03T12:00:00
MOH-250,Qualification,Technical Evaluation,2025-12-29T14:00:00
MOH-250,Technical Evaluation,Business Case,2026-01-25T14:30:00
MOH-251,,Discovery,2025-10-21T14:15:00
MOH-251,Discovery,Qualification,2025-10-31T08:45:00
MOH-251,Qualification,Technical Evaluation,2025-11-22T09:30:00
MOH-251,Technical Evaluation,Business Case,2025-12-14T11:45:00
MOH-252,,Discovery,2025-11-17T09:45:00
MOH-252,Discovery,Qualification,2025-12-02T16:00:00
MOH-252,Qualification,Technical Evaluation,2025-12-31T16:15:00
MOH-252,Technical Evaluation,Business Case,2026-02-20T17:00:00
MOH-253,,Discovery,2025-12-02T12:45:00
MOH-253,Discovery,Qualification,2025-12-21T17:00:00
MOH-253,Qualification,Technical Evaluation,2026-01-08T14:15:00
MOH-253,Technical Evaluation,Business Case,2026-02-02T12:00:00
MOH-254,,Discovery,2025-06-19T11:30:00
MOH-254,Discovery,Qualification,2025-07-16T14:30:00
MOH-254,Qualification,Technical Evaluation,2025-08-17T14:30:00
MOH-254,Technical Evaluation,Business Case,2025-10-07T15:15:00
MOH-254,Business Case,Negotiation,2025-12-28T16:45:00
MOH-255,,Discovery,2026-01-02T10:00:00
MOH-255,Discovery,Qualification,2026-01-13T17:30:00
MOH-255,Qualification,Technical Evaluation,2026-02-15T11:00:00
MOH-255,Technical Evaluation,Business Case,2026-03-12T12:30:00
MOH-255,Business Case,Negotiation,2026-04-20T09:15:00
MOH-256,,Discovery,2026-02-23T17:45:00
MOH-256,Discovery,Qualification,2026-03-12T14:15:00
MOH-256,Qualification,Technical Evaluation,2026-04-05T09:00:00
MOH-256,Technical Evaluation,Business Case,2026-05-01T16:00:00
MOH-256,Business Case,Negotiation,2026-06-07T15:00:00
MOH-257,,Discovery,2025-09-17T13:15:00
MOH-257,Discovery,Qualification,2025-10-07T15:30:00
MOH-257,Qualification,Technical Evaluation,2025-11-07T11:00:00
MOH-257,Technical Evaluation,Business Case,2025-12-14T12:45:00
MOH-257,Business Case,Negotiation,2026-01-27T09:15:00
MOH-258,,Discovery,2026-04-08T09:00:00
MOH-258,Discovery,Qualification,2026-04-17T13:15:00
MOH-258,Qualification,Technical Evaluation,2026-05-20T13:30:00
MOH-258,Technical Evaluation,Business Case,2026-06-16T15:00:00
MOH-258,Business Case,Negotiation,2026-08-11T17:15:00
MOH-259,,Discovery,2025-12-17T14:45:00
MOH-259,Discovery,Qualification,2026-01-02T14:45:00
MOH-259,Qualification,Technical Evaluation,2026-01-29T16:45:00
MOH-259,Technical Evaluation,Business Case,2026-02-28T10:45:00
MOH-259,Business Case,Negotiation,2026-04-26T13:00:00
MOH-260,,Discovery,2026-02-16T14:00:00
MOH-260,Discovery,Qualification,2026-03-09T15:30:00
MOH-260,Qualification,Technical Evaluation,2026-04-03T14:45:00
MOH-260,Technical Evaluation,Business Case,2026-05-16T10:30:00
MOH-260,Business Case,Negotiation,2026-06-28T10:30:00
MOH-261,,Discovery,2025-10-20T08:45:00
MOH-261,Discovery,Qualification,2025-10-30T13:15:00
MOH-261,Qualification,Technical Evaluation,2025-11-23T10:30:00
MOH-261,Technical Evaluation,Business Case,2025-12-20T10:30:00
MOH-261,Business Case,Negotiation,2026-02-17T10:15:00
MOH-262,,Discovery,2025-12-18T13:15:00
MOH-262,Discovery,Qualification,2026-01-03T12:00:00
MOH-262,Qualification,Technical Evaluation,2026-02-02T16:15:00
MOH-262,Technical Evaluation,Negotiation,2026-03-26T09:45:00
MOH-263,,Discovery,2025-12-24T15:30:00
MOH-263,Discovery,Qualification,2026-01-12T09:15:00
MOH-263,Qualification,Technical Evaluation,2026-02-06T09:15:00
MOH-263,Technical Evaluation,Business Case,2026-03-22T09:15:00
MOH-263,Business Case,Negotiation,2026-05-03T14:30:00
MOH-264,,Discovery,2025-10-09T16:15:00
MOH-264,Discovery,Qualification,2025-10-18T09:00:00
MOH-264,Qualification,Technical Evaluation,2025-11-08T17:45:00
MOH-264,Technical Evaluation,Business Case,2025-12-17T09:45:00
MOH-264,Business Case,Negotiation,2026-02-08T17:30:00
MOH-265,,Discovery,2025-08-20T12:30:00
MOH-265,Discovery,Qualification,2025-09-12T10:15:00
MOH-265,Qualification,Technical Evaluation,2025-10-27T16:30:00
MOH-265,Technical Evaluation,Business Case,2025-12-02T17:00:00
MOH-265,Business Case,Negotiation,2026-02-21T16:00:00
MOH-266,,Discovery,2025-11-28T08:30:00
MOH-266,Discovery,Qualification,2025-12-16T13:15:00
MOH-266,Qualification,Technical Evaluation,2026-01-06T08:30:00
MOH-266,Technical Evaluation,Business Case,2026-02-16T11:00:00
MOH-266,Business Case,Negotiation,2026-04-14T14:00:00
MOH-267,,Discovery,2025-11-27T16:30:00
MOH-267,Discovery,Qualification,2025-12-08T10:45:00
MOH-267,Qualification,Technical Evaluation,2026-01-08T15:30:00
MOH-267,Technical Evaluation,Business Case,2026-02-14T12:45:00
MOH-267,Business Case,Negotiation,2026-03-27T15:30:00
MOH-268,,Discovery,2025-11-24T08:15:00
MOH-268,Discovery,Qualification,2025-12-15T17:30:00
MOH-268,Qualification,Technical Evaluation,2026-01-10T17:30:00
MOH-268,Technical Evaluation,Business Case,2026-03-07T11:45:00
MOH-268,Business Case,Negotiation,2026-05-27T10:30:00
MOH-269,,Discovery,2026-03-10T12:30:00
MOH-269,Discovery,Qualification,2026-03-18T10:15:00
MOH-269,Qualification,Technical Evaluation,2026-04-03T13:45:00
MOH-269,Technical Evaluation,Business Case,2026-05-11T14:30:00
MOH-269,Business Case,Negotiation,2026-07-02T12:00:00
MOH-270,,Discovery,2025-11-13T15:00:00
MOH-270,Discovery,Technical Evaluation,2025-11-30T13:30:00
MOH-270,Technical Evaluation,Business Case,2025-12-28T14:30:00
MOH-270,Business Case,Negotiation,2026-02-09T13:00:00
MOH-271,,Discovery,2025-11-05T11:30:00
MOH-271,Discovery,Qualification,2025-11-22T14:30:00
MOH-271,Qualification,Technical Evaluation,2025-12-18T08:30:00
MOH-271,Technical Evaluation,Business Case,2026-01-19T11:45:00
MOH-271,Business Case,Negotiation,2026-03-14T12:00:00
MOH-272,,Discovery,2025-10-24T11:45:00
MOH-272,Discovery,Qualification,2025-11-03T12:15:00
MOH-272,Qualification,Technical Evaluation,2025-11-23T14:00:00
MOH-272,Technical Evaluation,Negotiation,2025-12-28T15:45:00
MOH-273,,Discovery,2025-10-07T12:45:00
MOH-273,Discovery,Qualification,2025-10-18T12:30:00
MOH-273,Qualification,Technical Evaluation,2025-11-25T09:00:00
MOH-273,Technical Evaluation,Business Case,2026-01-03T08:30:00
MOH-273,Business Case,Negotiation,2026-02-11T14:00:00
MOH-274,,Discovery,2026-03-03T08:45:00
MOH-274,Discovery,Qualification,2026-03-15T16:30:00
MOH-274,Qualification,Technical Evaluation,2026-04-07T13:00:00
MOH-274,Technical Evaluation,Business Case,2026-04-27T11:45:00
MOH-274,Business Case,Negotiation,2026-06-23T12:45:00
MOH-275,,Discovery,2025-09-08T09:45:00
MOH-275,Discovery,Qualification,2025-09-18T16:15:00
MOH-275,Qualification,Technical Evaluation,2025-10-14T08:15:00
MOH-275,Technical Evaluation,Business Case,2025-11-10T08:00:00
MOH-275,Business Case,Negotiation,2026-01-04T13:15:00
MOH-276,,Discovery,2025-12-01T11:00:00
MOH-276,Discovery,Qualification,2025-12-19T08:00:00
MOH-276,Qualification,Technical Evaluation,2026-01-10T14:15:00
MOH-276,Technical Evaluation,Business Case,2026-02-12T16:00:00
MOH-276,Business Case,Negotiation,2026-03-19T12:30:00
MOH-277,,Discovery,2026-01-22T08:00:00
MOH-277,Discovery,Qualification,2026-02-18T16:00:00
MOH-277,Qualification,Technical Evaluation,2026-04-04T17:45:00
MOH-277,Technical Evaluation,Business Case,2026-06-10T12:30:00
MOH-277,Business Case,Negotiation,2026-07-23T11:00:00
MOH-278,,Discovery,2026-01-28T11:00:00
MOH-278,Discovery,Qualification,2026-02-11T10:15:00
MOH-278,Qualification,Technical Evaluation,2026-03-18T09:30:00
MOH-278,Technical Evaluation,Negotiation,2026-04-26T09:15:00
MOH-279,,Discovery,2025-09-29T11:15:00
MOH-279,Discovery,Qualification,2025-10-08T12:30:00
MOH-279,Qualification,Business Case,2025-11-01T14:45:00
MOH-279,Business Case,Negotiation,2025-12-21T17:15:00
MOH-280,,Discovery,2025-09-23T14:00:00
MOH-280,Discovery,Qualification,2025-10-03T09:15:00
MOH-280,Qualification,Technical Evaluation,2025-11-06T14:00:00
MOH-280,Technical Evaluation,Business Case,2025-12-14T09:45:00
MOH-280,Business Case,Negotiation,2026-01-28T11:00:00
MOH-281,,Discovery,2025-07-28T16:30:00
MOH-281,Discovery,Qualification,2025-08-20T15:00:00
MOH-281,Qualification,Technical Evaluation,2025-09-23T16:30:00
MOH-281,Technical Evaluation,Business Case,2025-11-06T10:00:00
MOH-281,Business Case,Negotiation,2026-01-14T11:30:00
MOH-282,,Discovery,2026-01-30T14:15:00
MOH-282,Discovery,Qualification,2026-02-11T12:00:00
MOH-282,Qualification,Technical Evaluation,2026-03-09T09:45:00
MOH-282,Technical Evaluation,Business Case,2026-04-26T09:30:00
MOH-282,Business Case,Negotiation,2026-05-31T10:15:00
MOH-283,,Discovery,2025-12-12T08:00:00
MOH-283,Discovery,Qualification,2025-12-28T14:15:00
MOH-283,Qualification,Technical Evaluation,2026-01-22T13:30:00
MOH-283,Technical Evaluation,Business Case,2026-02-23T17:45:00
MOH-283,Business Case,Negotiation,2026-04-17T15:00:00
MOH-284,,Discovery,2026-02-26T08:45:00
MOH-284,Discovery,Qualification,2026-03-26T16:15:00
MOH-284,Qualification,Technical Evaluation,2026-04-21T11:15:00
MOH-284,Technical Evaluation,Business Case,2026-06-11T17:45:00
MOH-284,Business Case,Negotiation,2026-08-01T11:30:00
MOH-285,,Discovery,2025-10-21T14:30:00
MOH-285,Discovery,Qualification,2025-11-03T10:45:00
MOH-285,Qualification,Technical Evaluation,2025-12-02T14:15:00
MOH-285,Technical Evaluation,Business Case,2025-12-25T13:00:00
MOH-285,Business Case,Negotiation,2026-02-15T10:00:00
MOH-286,,Discovery,2025-09-30T09:00:00
MOH-286,Discovery,Qualification,2025-10-11T12:30:00
MOH-286,Qualification,Technical Evaluation,2025-11-02T11:00:00
MOH-286,Technical Evaluation,Business Case,2025-12-24T13:00:00
MOH-286,Business Case,Negotiation,2026-02-05T08:00:00
MOH-287,,Discovery,2025-11-19T17:45:00
MOH-287,Discovery,Qualification,2025-11-28T10:00:00
MOH-287,Qualification,Technical Evaluation,2025-12-13T10:15:00
MOH-287,Technical Evaluation,Business Case,2026-01-11T16:15:00
MOH-287,Business Case,Negotiation,2026-02-25T11:15:00
MOH-288,,Discovery,2025-09-12T10:45:00
MOH-288,Discovery,Qualification,2025-10-07T15:00:00
MOH-288,Qualification,Technical Evaluation,2025-11-18T14:15:00
MOH-288,Technical Evaluation,Business Case,2025-12-21T15:15:00
MOH-288,Business Case,Negotiation,2026-02-19T09:00:00
MOH-289,,Discovery,2025-09-22T12:15:00
MOH-289,Discovery,Qualification,2025-10-04T14:00:00
MOH-289,Qualification,Technical Evaluation,2025-11-06T10:45:00
MOH-289,Technical Evaluation,Business Case,2025-12-06T15:30:00
MOH-289,Business Case,Negotiation,2026-01-07T16:00:00
MOH-290,,Discovery,2026-03-19T14:00:00
MOH-290,Discovery,Qualification,2026-04-08T11:00:00
MOH-290,Qualification,Technical Evaluation,2026-05-01T12:15:00
MOH-290,Technical Evaluation,Business Case,2026-06-11T11:15:00
MOH-290,Business Case,Negotiation,2026-07-19T17:15:00
MOH-291,,Discovery,2026-03-12T14:30:00
MOH-291,Discovery,Qualification,2026-03-31T15:00:00
MOH-291,Qualification,Technical Evaluation,2026-04-18T13:30:00
MOH-291,Technical Evaluation,Business Case,2026-06-09T14:30:00
MOH-291,Business Case,Negotiation,2026-08-04T09:45:00
MOH-292,,Discovery,2026-03-04T13:15:00
MOH-292,Discovery,Qualification,2026-03-14T08:45:00
MOH-292,Qualification,Technical Evaluation,2026-04-12T16:15:00
MOH-292,Technical Evaluation,Business Case,2026-05-24T11:30:00
MOH-292,Business Case,Negotiation,2026-07-25T17:00:00
MOH-293,,Discovery,2025-10-31T13:15:00
MOH-293,Discovery,Qualification,2025-11-11T09:15:00
MOH-293,Qualification,Technical Evaluation,2025-12-12T16:15:00
MOH-293,Technical Evaluation,Business Case,2026-01-11T12:00:00
MOH-293,Business Case,Negotiation,2026-03-05T08:00:00
MOH-294,,Discovery,2025-12-24T11:00:00
MOH-294,Discovery,Qualification,2026-01-03T17:00:00
MOH-294,Qualification,Technical Evaluation,2026-01-22T10:00:00
MOH-294,Technical Evaluation,Business Case,2026-02-16T11:00:00
MOH-294,Business Case,Negotiation,2026-03-15T10:30:00
MOH-295,,Discovery,2025-09-09T12:30:00
MOH-295,Discovery,Qualification,2025-09-26T12:00:00
MOH-295,Qualification,Technical Evaluation,2025-10-29T11:30:00
MOH-295,Technical Evaluation,Business Case,2025-12-11T09:00:00
MOH-295,Business Case,Negotiation,2026-02-15T12:15:00
MOH-296,,Discovery,2026-02-20T12:00:00
MOH-296,Discovery,Qualification,2026-03-17T14:15:00
MOH-296,Qualification,Technical Evaluation,2026-04-25T16:00:00
MOH-296,Technical Evaluation,Business Case,2026-06-26T13:00:00
MOH-296,Business Case,Negotiation,2026-09-15T08:00:00
MOH-297,,Discovery,2026-01-20T11:30:00
MOH-297,Discovery,Qualification,2026-02-03T11:00:00
MOH-297,Qualification,Technical Evaluation,2026-02-18T17:00:00
MOH-297,Technical Evaluation,Business Case,2026-03-14T12:00:00
MOH-297,Business Case,Negotiation,2026-05-02T09:30:00
MOH-298,,Discovery,2025-12-15T17:15:00
MOH-298,Discovery,Qualification,2025-12-29T13:45:00
MOH-298,Qualification,Technical Evaluation,2026-01-21T10:00:00
MOH-298,Technical Evaluation,Business Case,2026-03-01T16:15:00
MOH-298,Business Case,Negotiation,2026-04-24T12:45:00
MOH-299,,Discovery,2025-12-24T08:45:00
MOH-299,Discovery,Qualification,2026-01-06T17:45:00
MOH-299,Qualification,Technical Evaluation,2026-02-08T09:00:00
MOH-299,Technical Evaluation,Negotiation,2026-03-21T17:45:00
MOH-300,,Discovery,2025-11-07T13:30:00
MOH-300,Discovery,Qualification,2025-11-19T14:00:00
MOH-300,Qualification,Technical Evaluation,2025-12-21T11:15:00
MOH-300,Technical Evaluation,Business Case,2026-01-13T12:45:00
MOH-300,Business Case,Negotiation,2026-02-15T16:45:00
MOH-301,,Discovery,2026-04-03T08:30:00
MOH-301,Discovery,Qualification,2026-04-12T17:45:00
MOH-301,Qualification,Technical Evaluation,2026-05-07T08:30:00
MOH-301,Technical Evaluation,Business Case,2026-06-08T11:30:00
MOH-301,Business Case,Negotiation,2026-07-08T15:00:00
MOH-302,,Discovery,2026-02-09T10:00:00
MOH-302,Discovery,Qualification,2026-02-20T12:45:00
MOH-302,Qualification,Technical Evaluation,2026-03-07T16:45:00
MOH-302,Technical Evaluation,Business Case,2026-04-02T17:15:00
MOH-302,Business Case,Negotiation,2026-05-05T13:45:00
MOH-303,,Discovery,2026-02-05T08:30:00
MOH-303,Discovery,Qualification,2026-02-22T13:15:00
MOH-303,Qualification,Business Case,2026-03-13T16:45:00
MOH-303,Business Case,Negotiation,2026-05-08T15:30:00
MOH-304,,Discovery,2025-10-31T15:00:00
MOH-304,Discovery,Qualification,2025-11-14T16:00:00
MOH-304,Qualification,Technical Evaluation,2025-12-08T16:00:00
MOH-304,Technical Evaluation,Business Case,2026-01-14T15:30:00
MOH-304,Business Case,Negotiation,2026-02-11T10:15:00
MOH-305,,Discovery,2025-11-05T16:30:00
MOH-305,Discovery,Qualification,2025-11-26T12:00:00
MOH-305,Qualification,Technical Evaluation,2025-12-20T14:45:00
MOH-305,Technical Evaluation,Business Case,2026-01-17T09:00:00
MOH-305,Business Case,Negotiation,2026-03-14T16:30:00
MOH-306,,Discovery,2025-11-05T10:15:00
MOH-306,Discovery,Qualification,2025-11-16T08:45:00
MOH-306,Qualification,Technical Evaluation,2025-12-04T08:15:00
MOH-306,Technical Evaluation,Business Case,2025-12-27T15:45:00
MOH-306,Business Case,Negotiation,2026-02-19T16:00:00
MOH-307,,Discovery,2026-03-03T10:00:00
MOH-307,Discovery,Qualification,2026-03-25T16:30:00
MOH-307,Qualification,Technical Evaluation,2026-04-13T11:45:00
MOH-307,Technical Evaluation,Business Case,2026-05-26T16:45:00
MOH-307,Business Case,Negotiation,2026-07-23T12:30:00
MOH-308,,Discovery,2025-11-26T10:30:00
MOH-308,Discovery,Qualification,2025-12-17T11:30:00
MOH-308,Qualification,Technical Evaluation,2026-01-17T14:30:00
MOH-308,Technical Evaluation,Business Case,2026-03-01T14:15:00
MOH-308,Business Case,Negotiation,2026-05-05T15:45:00
MOH-309,,Discovery,2025-12-31T08:30:00
MOH-309,Discovery,Qualification,2026-01-14T14:15:00
MOH-309,Qualification,Technical Evaluation,2026-02-06T15:00:00
MOH-309,Technical Evaluation,Business Case,2026-03-24T14:30:00
MOH-309,Business Case,Negotiation,2026-05-08T15:00:00
MOH-310,,Discovery,2026-01-13T17:15:00
MOH-310,Discovery,Qualification,2026-01-29T11:45:00
MOH-310,Qualification,Technical Evaluation,2026-02-16T16:30:00
MOH-310,Technical Evaluation,Business Case,2026-03-31T13:15:00
MOH-310,Business Case,Negotiation,2026-05-24T10:45:00
MOH-311,,Discovery,2026-03-20T14:00:00
MOH-311,Discovery,Qualification,2026-04-11T14:15:00
MOH-311,Qualification,Technical Evaluation,2026-05-05T14:00:00
MOH-311,Technical Evaluation,Business Case,2026-06-25T10:30:00
MOH-311,Business Case,Negotiation,2026-08-29T15:15:00
MOH-312,,Discovery,2025-09-04T11:00:00
MOH-312,Discovery,Qualification,2025-09-21T15:45:00
MOH-312,Qualification,Technical Evaluation,2025-10-21T14:45:00
MOH-312,Technical Evaluation,Business Case,2025-11-20T09:00:00
MOH-312,Business Case,Negotiation,2026-01-10T16:00:00
MOH-313,,Discovery,2025-12-26T17:15:00
MOH-313,Discovery,Qualification,2026-01-09T10:15:00
MOH-313,Qualification,Technical Evaluation,2026-02-11T17:00:00
MOH-313,Technical Evaluation,Business Case,2026-03-06T14:15:00
MOH-313,Business Case,Negotiation,2026-04-20T10:45:00
MOH-314,,Discovery,2025-09-30T14:00:00
MOH-314,Discovery,Qualification,2025-10-19T16:00:00
MOH-314,Qualification,Technical Evaluation,2025-11-12T11:00:00
MOH-314,Technical Evaluation,Business Case,2025-12-17T10:15:00
MOH-314,Business Case,Negotiation,2026-01-30T12:30:00
MOH-315,,Discovery,2026-03-02T12:45:00
MOH-315,Discovery,Qualification,2026-03-18T11:45:00
MOH-315,Qualification,Business Case,2026-04-16T10:15:00
MOH-315,Business Case,Negotiation,2026-04-26T10:45:00
MOH-315,Negotiation,Closed Won,2026-04-30T10:00:00
MOH-316,,Discovery,2025-07-11T16:00:00
MOH-316,Discovery,Qualification,2025-07-25T13:30:00
MOH-316,Qualification,Technical Evaluation,2025-08-27T08:45:00
MOH-316,Technical Evaluation,Business Case,2025-09-22T17:30:00
MOH-316,Business Case,Negotiation,2025-11-18T12:00:00
MOH-316,Negotiation,Closed Won,2025-12-10T11:45:00
MOH-317,,Discovery,2026-02-03T15:15:00
MOH-317,Discovery,Qualification,2026-02-22T13:45:00
MOH-317,Qualification,Technical Evaluation,2026-03-27T09:15:00
MOH-317,Negotiation,Closed Won,2026-04-03T14:00:00
MOH-317,Technical Evaluation,Business Case,2026-04-04T12:45:00
MOH-317,Business Case,Negotiation,2026-04-05T10:00:00
MOH-318,,Discovery,2025-11-05T13:30:00
MOH-318,Discovery,Qualification,2025-11-17T09:00:00
MOH-318,Qualification,Technical Evaluation,2025-12-16T15:00:00
MOH-318,Technical Evaluation,Business Case,2026-01-16T12:15:00
MOH-318,Business Case,Negotiation,2026-02-16T11:30:00
MOH-318,Negotiation,Closed Won,2026-03-18T12:15:00
MOH-319,,Discovery,2025-06-20T10:30:00
MOH-319,Discovery,Qualification,2025-06-29T16:00:00
MOH-319,Qualification,Technical Evaluation,2025-07-14T11:45:00
MOH-319,Technical Evaluation,Business Case,2025-08-14T08:45:00
MOH-319,Business Case,Negotiation,2025-09-15T09:30:00
MOH-319,Negotiation,Closed Won,2025-10-07T12:15:00
MOH-320,,Discovery,2026-03-26T17:45:00
MOH-320,Discovery,Qualification,2026-04-13T09:00:00
MOH-320,Negotiation,Closed Won,2026-04-27T09:30:00
MOH-320,Qualification,Technical Evaluation,2026-04-27T11:00:00
MOH-320,Technical Evaluation,Business Case,2026-04-28T09:30:00
MOH-320,Business Case,Negotiation,2026-04-28T13:30:00
MOH-321,,Discovery,2025-10-10T11:30:00
MOH-321,Discovery,Qualification,2025-11-04T15:00:00
MOH-321,Qualification,Technical Evaluation,2025-12-24T15:45:00
MOH-321,Technical Evaluation,Business Case,2026-02-06T08:00:00
MOH-321,Business Case,Negotiation,2026-03-28T12:15:00
MOH-321,Negotiation,Closed Won,2026-03-30T14:30:00
MOH-322,,Discovery,2025-08-07T17:30:00
MOH-322,Discovery,Qualification,2025-08-22T16:30:00
MOH-322,Qualification,Technical Evaluation,2025-09-28T09:45:00
MOH-322,Technical Evaluation,Business Case,2025-11-02T13:00:00
MOH-322,Business Case,Negotiation,2025-12-09T11:45:00
MOH-322,Negotiation,Closed Won,2026-01-10T11:15:00
MOH-323,,Discovery,2026-03-26T17:45:00
MOH-323,Discovery,Qualification,2026-04-12T11:30:00
MOH-323,Qualification,Technical Evaluation,2026-04-28T08:15:00
MOH-323,Technical Evaluation,Business Case,2026-04-28T15:45:00
MOH-323,Negotiation,Closed Won,2026-04-29T16:00:00
MOH-323,Business Case,Negotiation,2026-04-30T08:00:00
MOH-324,,Discovery,2025-06-12T14:15:00
MOH-324,Discovery,Qualification,2025-06-27T08:00:00
MOH-324,Qualification,Technical Evaluation,2025-07-29T09:30:00
MOH-324,Technical Evaluation,Business Case,2025-09-13T09:00:00
MOH-324,Business Case,Negotiation,2025-11-14T10:30:00
MOH-324,Negotiation,Closed Won,2026-01-05T15:15:00
MOH-325,,Discovery,2026-01-06T10:15:00
MOH-325,Discovery,Qualification,2026-01-24T10:45:00
MOH-325,Qualification,Technical Evaluation,2026-03-07T10:30:00
MOH-325,Business Case,Negotiation,2026-03-12T10:45:00
MOH-325,Technical Evaluation,Business Case,2026-03-14T17:45:00
MOH-325,Negotiation,Closed Won,2026-03-15T10:30:00
MOH-326,,Discovery,2025-11-07T16:45:00
MOH-326,Discovery,Qualification,2025-11-21T17:45:00
MOH-326,Qualification,Technical Evaluation,2025-12-23T12:45:00
MOH-326,Technical Evaluation,Business Case,2026-02-02T16:30:00
MOH-326,Business Case,Negotiation,2026-02-09T13:45:00
MOH-326,Negotiation,Closed Won,2026-02-12T08:30:00
MOH-327,,Discovery,2026-02-16T08:15:00
MOH-327,Discovery,Qualification,2026-02-26T10:30:00
MOH-327,Qualification,Technical Evaluation,2026-03-18T08:30:00
MOH-327,Business Case,Negotiation,2026-03-30T11:00:00
MOH-327,Negotiation,Closed Won,2026-03-31T08:15:00
MOH-327,Technical Evaluation,Business Case,2026-03-31T09:30:00
MOH-328,,Discovery,2025-10-07T13:30:00
MOH-328,Discovery,Qualification,2025-11-02T09:30:00
MOH-328,Qualification,Technical Evaluation,2025-12-21T12:30:00
MOH-328,Technical Evaluation,Business Case,2026-02-08T13:45:00
MOH-328,Business Case,Negotiation,2026-03-28T13:00:00
MOH-328,Negotiation,Closed Won,2026-03-28T15:00:00
MOH-329,,Discovery,2026-03-23T13:15:00
MOH-329,Discovery,Technical Evaluation,2026-04-09T14:15:00
MOH-329,Technical Evaluation,Business Case,2026-04-27T13:45:00
MOH-329,Business Case,Negotiation,2026-04-27T15:45:00
MOH-329,Negotiation,Closed Won,2026-04-28T17:00:00
MOH-330,,Discovery,2026-03-12T15:30:00
MOH-330,Discovery,Qualification,2026-03-26T14:00:00
MOH-330,Qualification,Technical Evaluation,2026-04-14T08:30:00
MOH-330,Technical Evaluation,Business Case,2026-04-27T10:45:00
MOH-330,Negotiation,Closed Won,2026-04-28T11:15:00
MOH-330,Business Case,Negotiation,2026-04-28T15:30:00
MOH-331,,Discovery,2025-12-08T09:00:00
MOH-331,Discovery,Qualification,2025-12-26T15:15:00
MOH-331,Qualification,Technical Evaluation,2026-01-23T10:45:00
MOH-331,Business Case,Negotiation,2026-02-15T10:15:00
MOH-331,Technical Evaluation,Business Case,2026-02-15T10:45:00
MOH-331,Negotiation,Closed Won,2026-02-17T17:30:00
MOH-332,,Discovery,2025-07-07T10:00:00
MOH-332,Discovery,Qualification,2025-07-27T09:15:00
MOH-332,Qualification,Technical Evaluation,2025-09-03T10:45:00
MOH-332,Technical Evaluation,Business Case,2025-10-04T08:00:00
MOH-332,Business Case,Negotiation,2025-11-14T09:00:00
MOH-332,Negotiation,Closed Won,2025-12-31T08:45:00
MOH-333,,Discovery,2025-08-21T09:45:00
MOH-333,Discovery,Qualification,2025-09-08T17:15:00
MOH-333,Qualification,Technical Evaluation,2025-10-21T10:00:00
MOH-333,Technical Evaluation,Business Case,2025-12-09T14:30:00
MOH-333,Business Case,Negotiation,2026-01-30T14:45:00
MOH-333,Negotiation,Closed Won,2026-01-30T15:30:00
MOH-334,,Discovery,2025-12-18T13:00:00
MOH-334,Discovery,Qualification,2026-01-02T13:30:00
MOH-334,Qualification,Technical Evaluation,2026-01-18T17:30:00
MOH-334,Technical Evaluation,Business Case,2026-02-20T09:45:00
MOH-334,Negotiation,Closed Won,2026-03-23T09:45:00
MOH-334,Business Case,Negotiation,2026-03-24T08:00:00
MOH-335,,Discovery,2025-06-02T16:45:00
MOH-335,Discovery,Technical Evaluation,2025-06-16T10:30:00
MOH-335,Technical Evaluation,Business Case,2025-07-23T17:00:00
MOH-335,Business Case,Negotiation,2025-09-06T12:30:00
MOH-335,Negotiation,Closed Won,2025-10-11T11:15:00
MOH-336,,Discovery,2025-11-07T12:15:00
MOH-336,Discovery,Qualification,2025-11-16T12:15:00
MOH-336,Qualification,Technical Evaluation,2025-11-30T13:45:00
MOH-336,Technical Evaluation,Business Case,2026-01-06T13:00:00
MOH-336,Business Case,Negotiation,2026-02-10T12:15:00
MOH-336,Negotiation,Closed Won,2026-02-26T11:15:00
MOH-337,,Discovery,2026-02-03T15:30:00
MOH-337,Discovery,Qualification,2026-02-17T17:30:00
MOH-337,Negotiation,Closed Won,2026-03-08T14:00:00
MOH-337,Qualification,Technical Evaluation,2026-03-09T15:30:00
MOH-337,Business Case,Negotiation,2026-03-10T13:45:00
MOH-337,Technical Evaluation,Business Case,2026-03-11T12:00:00
MOH-338,,Discovery,2025-06-13T08:15:00
MOH-338,Discovery,Qualification,2025-06-23T08:15:00
MOH-338,Qualification,Technical Evaluation,2025-07-27T09:45:00
MOH-338,Technical Evaluation,Business Case,2025-09-08T17:15:00
MOH-338,Business Case,Negotiation,2025-11-02T12:45:00
MOH-338,Negotiation,Closed Won,2025-12-16T10:15:00
MOH-339,,Discovery,2025-07-02T15:45:00
MOH-339,Discovery,Qualification,2025-07-15T11:30:00
MOH-339,Qualification,Technical Evaluation,2025-08-05T17:15:00
MOH-339,Technical Evaluation,Business Case,2025-09-12T13:45:00
MOH-339,Business Case,Negotiation,2025-10-27T10:00:00
MOH-339,Negotiation,Closed Won,2025-12-17T09:45:00
MOH-340,,Discovery,2025-12-31T11:15:00
MOH-340,Discovery,Qualification,2026-01-10T11:15:00
MOH-340,Qualification,Technical Evaluation,2026-02-03T14:00:00
MOH-340,Technical Evaluation,Business Case,2026-02-21T11:45:00
MOH-340,Business Case,Negotiation,2026-02-21T16:30:00
MOH-340,Negotiation,Closed Won,2026-02-23T17:15:00
MOH-341,,Discovery,2025-07-02T13:45:00
MOH-341,Discovery,Qualification,2025-07-20T10:00:00
MOH-341,Qualification,Technical Evaluation,2025-08-15T08:00:00
MOH-341,Technical Evaluation,Business Case,2025-09-17T12:45:00
MOH-341,Business Case,Negotiation,2025-11-22T16:15:00
MOH-341,Negotiation,Closed Won,2026-01-08T15:30:00
MOH-342,,Discovery,2026-02-09T16:00:00
MOH-342,Discovery,Qualification,2026-02-19T12:45:00
MOH-342,Negotiation,Closed Won,2026-02-20T08:15:00
MOH-342,Technical Evaluation,Business Case,2026-02-22T08:00:00
MOH-342,Qualification,Technical Evaluation,2026-02-22T10:15:00
MOH-342,Business Case,Negotiation,2026-02-22T17:45:00
MOH-343,,Discovery,2025-11-13T12:15:00
MOH-343,Discovery,Qualification,2025-12-05T09:00:00
MOH-343,Qualification,Technical Evaluation,2025-12-29T14:15:00
MOH-343,Technical Evaluation,Negotiation,2026-01-24T10:00:00
MOH-343,Negotiation,Closed Won,2026-02-20T14:30:00
MOH-344,,Discovery,2025-08-15T14:30:00
MOH-344,Discovery,Qualification,2025-09-12T13:00:00
MOH-344,Qualification,Business Case,2025-10-31T08:30:00
MOH-344,Business Case,Negotiation,2025-12-26T09:30:00
MOH-344,Negotiation,Closed Won,2026-02-27T17:00:00
MOH-345,,Discovery,2025-07-03T08:30:00
MOH-345,Discovery,Qualification,2025-07-11T11:30:00
MOH-345,Qualification,Technical Evaluation,2025-08-02T14:15:00
MOH-345,Technical Evaluation,Negotiation,2025-09-13T12:15:00
MOH-345,Negotiation,Closed Won,2025-10-07T08:30:00
MOH-346,,Discovery,2025-06-30T14:15:00
MOH-346,Discovery,Qualification,2025-07-20T16:00:00
MOH-346,Qualification,Business Case,2025-08-24T13:00:00
MOH-346,Business Case,Negotiation,2025-09-29T15:15:00
MOH-346,Negotiation,Closed Won,2025-11-03T17:30:00
MOH-347,,Discovery,2025-11-03T11:00:00
MOH-347,Discovery,Qualification,2025-11-16T12:30:00
MOH-347,Qualification,Technical Evaluation,2025-12-12T13:30:00
MOH-347,Technical Evaluation,Business Case,2026-01-18T16:45:00
MOH-347,Negotiation,Closed Won,2026-01-30T09:15:00
MOH-347,Business Case,Negotiation,2026-01-31T15:15:00
MOH-348,,Discovery,2025-09-17T09:00:00
MOH-348,Discovery,Qualification,2025-09-28T09:15:00
MOH-348,Qualification,Technical Evaluation,2025-10-16T14:30:00
MOH-348,Technical Evaluation,Business Case,2025-11-16T17:00:00
MOH-348,Business Case,Negotiation,2026-01-03T13:30:00
MOH-348,Negotiation,Closed Won,2026-02-08T17:45:00
MOH-349,,Discovery,2025-10-14T12:15:00
MOH-349,Discovery,Qualification,2025-10-30T08:45:00
MOH-349,Qualification,Technical Evaluation,2025-12-12T15:15:00
MOH-349,Technical Evaluation,Business Case,2026-01-31T08:30:00
MOH-349,Business Case,Negotiation,2026-03-26T13:00:00
MOH-349,Negotiation,Closed Won,2026-03-27T15:30:00
MOH-350,,Discovery,2026-01-20T14:15:00
MOH-350,Discovery,Qualification,2026-02-11T14:15:00
MOH-350,Qualification,Technical Evaluation,2026-03-25T14:45:00
MOH-350,Technical Evaluation,Business Case,2026-03-30T16:30:00
MOH-350,Business Case,Negotiation,2026-03-31T08:30:00
MOH-350,Negotiation,Closed Won,2026-04-02T16:15:00
MOH-351,,Discovery,2025-11-17T16:30:00
MOH-351,Discovery,Qualification,2025-12-01T17:45:00
MOH-351,Qualification,Business Case,2025-12-16T11:45:00
MOH-351,Business Case,Negotiation,2026-02-02T16:45:00
MOH-351,Negotiation,Closed Won,2026-02-23T08:30:00
MOH-352,,Discovery,2025-07-01T11:15:00
MOH-352,Discovery,Qualification,2025-07-10T10:30:00
MOH-352,Qualification,Technical Evaluation,2025-08-02T17:30:00
MOH-352,Technical Evaluation,Business Case,2025-09-11T15:45:00
MOH-352,Business Case,Negotiation,2025-11-04T13:30:00
MOH-352,Negotiation,Closed Won,2025-11-24T12:00:00
MOH-353,,Discovery,2025-08-07T14:45:00
MOH-353,Discovery,Qualification,2025-08-19T14:15:00
MOH-353,Qualification,Technical Evaluation,2025-09-29T11:45:00
MOH-353,Technical Evaluation,Negotiation,2025-11-12T10:15:00
MOH-353,Negotiation,Closed Won,2025-12-22T14:30:00
MOH-354,,Discovery,2025-07-02T13:45:00
MOH-354,Discovery,Technical Evaluation,2025-07-19T13:30:00
MOH-354,Technical Evaluation,Business Case,2025-08-10T17:30:00
MOH-354,Business Case,Negotiation,2025-09-05T12:45:00
MOH-354,Negotiation,Closed Won,2025-10-17T16:45:00
MOH-355,,Discovery,2026-02-06T16:30:00
MOH-355,Discovery,Qualification,2026-02-18T12:00:00
MOH-355,Technical Evaluation,Business Case,2026-03-04T09:00:00
MOH-355,Qualification,Technical Evaluation,2026-03-06T08:45:00
MOH-355,Negotiation,Closed Won,2026-03-06T09:30:00
MOH-355,Business Case,Negotiation,2026-03-07T13:15:00
MOH-356,,Discovery,2025-10-02T16:45:00
MOH-356,Discovery,Qualification,2025-10-15T10:15:00
MOH-356,Qualification,Technical Evaluation,2025-10-29T17:30:00
MOH-356,Technical Evaluation,Business Case,2025-11-27T08:30:00
MOH-356,Business Case,Negotiation,2025-12-28T12:00:00
MOH-356,Negotiation,Closed Won,2026-01-24T09:30:00
MOH-357,,Discovery,2026-01-01T10:00:00
MOH-357,Discovery,Qualification,2026-01-11T17:45:00
MOH-357,Business Case,Negotiation,2026-01-28T09:00:00
MOH-357,Negotiation,Closed Won,2026-01-28T10:00:00
MOH-357,Technical Evaluation,Business Case,2026-01-30T13:30:00
MOH-357,Qualification,Technical Evaluation,2026-02-01T09:30:00
MOH-358,,Discovery,2025-10-31T17:30:00
MOH-358,Discovery,Qualification,2025-11-17T13:15:00
MOH-358,Qualification,Technical Evaluation,2025-12-07T16:45:00
MOH-358,Technical Evaluation,Business Case,2026-01-01T16:00:00
MOH-358,Negotiation,Closed Won,2026-02-13T11:45:00
MOH-358,Business Case,Negotiation,2026-02-14T16:15:00
MOH-359,,Discovery,2025-09-09T13:15:00
MOH-359,Discovery,Qualification,2025-09-24T15:45:00
MOH-359,Qualification,Technical Evaluation,2025-10-26T11:15:00
MOH-359,Technical Evaluation,Negotiation,2025-12-14T09:45:00
MOH-359,Negotiation,Closed Won,2026-01-07T16:15:00
MOH-360,,Discovery,2025-08-27T08:45:00
MOH-360,Discovery,Qualification,2025-09-25T13:15:00
MOH-360,Qualification,Technical Evaluation,2025-11-01T13:45:00
MOH-360,Technical Evaluation,Business Case,2025-12-23T14:15:00
MOH-360,Business Case,Negotiation,2026-02-13T16:15:00
MOH-360,Negotiation,Closed Won,2026-02-14T12:15:00
MOH-361,,Discovery,2025-11-14T09:00:00
MOH-361,Discovery,Qualification,2025-12-03T11:30:00
MOH-361,Qualification,Technical Evaluation,2026-01-06T17:45:00
MOH-361,Technical Evaluation,Business Case,2026-02-13T10:15:00
MOH-361,Negotiation,Closed Won,2026-03-09T15:15:00
MOH-361,Business Case,Negotiation,2026-03-11T12:30:00
MOH-362,,Discovery,2025-08-07T09:00:00
MOH-362,Discovery,Qualification,2025-08-27T11:30:00
MOH-362,Qualification,Technical Evaluation,2025-09-17T15:30:00
MOH-362,Technical Evaluation,Business Case,2025-10-21T08:15:00
MOH-362,Business Case,Negotiation,2025-12-25T11:15:00
MOH-362,Negotiation,Closed Won,2026-02-01T09:45:00
MOH-363,,Discovery,2026-02-17T10:45:00
MOH-363,Discovery,Qualification,2026-03-19T11:30:00
MOH-363,Negotiation,Closed Won,2026-04-16T08:45:00
MOH-363,Qualification,Technical Evaluation,2026-04-18T10:45:00
MOH-363,Technical Evaluation,Business Case,2026-04-18T14:30:00
MOH-363,Business Case,Negotiation,2026-04-19T14:45:00
MOH-364,,Discovery,2025-08-20T15:15:00
MOH-364,Discovery,Qualification,2025-09-11T09:45:00
MOH-364,Qualification,Technical Evaluation,2025-10-11T14:45:00
MOH-364,Technical Evaluation,Business Case,2025-12-10T11:15:00
MOH-364,Business Case,Negotiation,2026-02-06T13:45:00
MOH-364,Negotiation,Closed Won,2026-02-08T12:30:00
MOH-365,,Discovery,2025-07-31T10:45:00
MOH-365,Discovery,Technical Evaluation,2025-08-14T16:30:00
MOH-365,Technical Evaluation,Business Case,2025-10-03T08:00:00
MOH-365,Business Case,Negotiation,2025-11-06T14:30:00
MOH-365,Negotiation,Closed Won,2025-12-06T15:30:00
MOH-366,,Discovery,2025-12-30T09:00:00
MOH-366,Discovery,Qualification,2026-01-17T10:30:00
MOH-366,Negotiation,Closed Won,2026-02-08T13:45:00
MOH-366,Business Case,Negotiation,2026-02-10T14:15:00
MOH-366,Technical Evaluation,Business Case,2026-02-12T09:30:00
MOH-366,Qualification,Technical Evaluation,2026-02-12T14:30:00
MOH-367,,Discovery,2025-12-08T17:00:00
MOH-367,Discovery,Qualification,2025-12-26T13:45:00
MOH-367,Qualification,Technical Evaluation,2026-01-13T11:00:00
MOH-367,Technical Evaluation,Business Case,2026-03-02T09:15:00
MOH-367,Negotiation,Closed Won,2026-03-07T16:00:00
MOH-367,Business Case,Negotiation,2026-03-08T15:00:00
MOH-368,,Discovery,2026-03-06T13:30:00
MOH-368,Discovery,Qualification,2026-03-19T11:45:00
MOH-368,Business Case,Negotiation,2026-03-21T09:45:00
MOH-368,Negotiation,Closed Won,2026-03-21T13:30:00
MOH-368,Qualification,Technical Evaluation,2026-03-21T16:45:00
MOH-368,Technical Evaluation,Business Case,2026-03-22T12:45:00
MOH-369,,Discovery,2025-10-01T17:45:00
MOH-369,Discovery,Technical Evaluation,2025-10-26T08:45:00
MOH-369,Technical Evaluation,Business Case,2025-12-27T15:45:00
MOH-369,Negotiation,Closed Won,2026-02-07T11:00:00
MOH-369,Business Case,Negotiation,2026-02-07T12:15:00
MOH-370,,Discovery,2025-08-11T16:15:00
MOH-370,Discovery,Qualification,2025-08-22T17:45:00
MOH-370,Qualification,Business Case,2025-09-13T09:45:00
MOH-370,Business Case,Negotiation,2025-11-12T08:00:00
MOH-370,Negotiation,Closed Won,2025-12-14T17:15:00
MOH-371,,Discovery,2026-01-21T15:00:00
MOH-371,Discovery,Qualification,2026-02-11T12:15:00
MOH-371,Qualification,Technical Evaluation,2026-03-02T16:00:00
MOH-371,Business Case,Negotiation,2026-03-09T17:45:00
MOH-371,Negotiation,Closed Won,2026-03-11T08:45:00
MOH-371,Technical Evaluation,Business Case,2026-03-11T16:45:00
MOH-372,,Discovery,2025-12-10T14:45:00
MOH-372,Discovery,Qualification,2025-12-23T17:00:00
MOH-372,Qualification,Technical Evaluation,2026-01-16T15:30:00
MOH-372,Technical Evaluation,Business Case,2026-02-08T16:45:00
MOH-372,Business Case,Negotiation,2026-03-18T17:30:00
MOH-372,Negotiation,Closed Won,2026-03-19T16:00:00
MOH-373,,Discovery,2025-12-30T13:15:00
MOH-373,Discovery,Qualification,2026-01-08T08:15:00
MOH-373,Qualification,Technical Evaluation,2026-01-30T17:15:00
MOH-373,Technical Evaluation,Business Case,2026-03-05T08:30:00
MOH-373,Negotiation,Closed Won,2026-03-08T14:15:00
MOH-373,Business Case,Negotiation,2026-03-12T09:00:00
MOH-374,,Discovery,2025-11-12T15:45:00
MOH-374,Discovery,Qualification,2025-12-04T16:15:00
MOH-374,Qualification,Technical Evaluation,2025-12-22T14:30:00
MOH-374,Technical Evaluation,Negotiation,2026-01-19T13:45:00
MOH-374,Negotiation,Closed Won,2026-02-19T08:15:00
MOH-375,,Discovery,2025-08-11T12:15:00
MOH-375,Discovery,Qualification,2025-08-21T17:00:00
MOH-375,Qualification,Technical Evaluation,2025-09-09T14:30:00
MOH-375,Technical Evaluation,Business Case,2025-10-22T11:30:00
MOH-375,Business Case,Negotiation,2025-12-14T12:15:00
MOH-375,Negotiation,Closed Won,2026-01-07T15:15:00
MOH-376,,Discovery,2026-01-05T14:00:00
MOH-376,Discovery,Qualification,2026-01-25T16:00:00
MOH-376,Qualification,Technical Evaluation,2026-03-08T17:30:00
MOH-376,Technical Evaluation,Negotiation,2026-03-14T12:30:00
MOH-376,Negotiation,Closed Won,2026-03-16T15:45:00
MOH-377,,Discovery,2025-10-30T11:15:00
MOH-377,Discovery,Technical Evaluation,2025-11-09T17:15:00
MOH-377,Technical Evaluation,Business Case,2025-12-15T11:00:00
MOH-377,Business Case,Negotiation,2026-01-12T15:15:00
MOH-377,Negotiation,Closed Won,2026-01-30T11:45:00
MOH-378,,Discovery,2026-03-04T12:00:00
MOH-378,Discovery,Technical Evaluation,2026-03-17T14:45:00
MOH-378,Technical Evaluation,Business Case,2026-04-18T09:30:00
MOH-378,Business Case,Negotiation,2026-04-19T12:45:00
MOH-378,Negotiation,Closed Won,2026-04-19T17:30:00
MOH-379,,Discovery,2026-03-18T17:15:00
MOH-379,Discovery,Technical Evaluation,2026-03-31T13:45:00
MOH-379,Business Case,Negotiation,2026-04-29T08:30:00
MOH-379,Technical Evaluation,Business Case,2026-04-29T13:45:00
MOH-379,Negotiation,Closed Won,2026-04-30T17:30:00
MOH-380,,Discovery,2025-11-10T11:45:00
MOH-380,Discovery,Qualification,2025-11-22T16:45:00
MOH-380,Qualification,Technical Evaluation,2025-12-14T10:15:00
MOH-380,Technical Evaluation,Business Case,2026-01-25T12:30:00
MOH-380,Business Case,Negotiation,2026-03-11T10:30:00
MOH-380,Negotiation,Closed Won,2026-04-07T10:30:00
MOH-381,,Discovery,2025-12-15T09:30:00
MOH-381,Discovery,Qualification,2025-12-31T13:45:00
MOH-381,Qualification,Technical Evaluation,2026-02-02T08:45:00
MOH-381,Technical Evaluation,Business Case,2026-03-02T12:15:00
MOH-381,Business Case,Negotiation,2026-03-16T08:00:00
MOH-381,Negotiation,Closed Won,2026-03-16T08:45:00
MOH-382,,Discovery,2025-11-18T17:30:00
MOH-382,Discovery,Qualification,2025-11-27T13:00:00
MOH-382,Qualification,Technical Evaluation,2025-12-26T08:15:00
MOH-382,Technical Evaluation,Business Case,2026-01-26T09:30:00
MOH-382,Negotiation,Closed Won,2026-02-02T16:00:00
MOH-382,Business Case,Negotiation,2026-02-05T11:30:00
MOH-383,,Discovery,2025-06-18T13:30:00
MOH-383,Discovery,Qualification,2025-06-29T13:30:00
MOH-383,Qualification,Technical Evaluation,2025-07-13T12:00:00
MOH-383,Technical Evaluation,Business Case,2025-08-13T08:45:00
MOH-383,Business Case,Negotiation,2025-10-02T16:45:00
MOH-383,Negotiation,Closed Won,2025-11-07T08:15:00
MOH-384,,Discovery,2025-12-22T08:00:00
MOH-384,Discovery,Qualification,2026-01-07T10:00:00
MOH-384,Business Case,Negotiation,2026-02-02T09:30:00
MOH-384,Qualification,Technical Evaluation,2026-02-02T14:45:00
MOH-384,Technical Evaluation,Business Case,2026-02-03T10:45:00
MOH-384,Negotiation,Closed Won,2026-02-03T11:45:00
MOH-385,,Discovery,2025-10-29T16:45:00
MOH-385,Discovery,Technical Evaluation,2025-11-12T17:45:00
MOH-385,Technical Evaluation,Business Case,2025-12-31T11:15:00
MOH-385,Business Case,Negotiation,2026-03-09T08:45:00
MOH-385,Negotiation,Closed Won,2026-03-25T09:45:00
MOH-386,,Discovery,2025-11-07T10:00:00
MOH-386,Discovery,Technical Evaluation,2025-11-19T09:45:00
MOH-386,Technical Evaluation,Business Case,2025-12-30T16:45:00
MOH-386,Business Case,Negotiation,2026-03-06T13:45:00
MOH-386,Negotiation,Closed Won,2026-03-29T16:30:00
MOH-387,,Discovery,2025-12-09T14:00:00
MOH-387,Discovery,Qualification,2025-12-28T08:30:00
MOH-387,Qualification,Technical Evaluation,2026-02-01T14:45:00
MOH-387,Technical Evaluation,Business Case,2026-03-19T15:15:00
MOH-387,Negotiation,Closed Won,2026-04-27T15:30:00
MOH-387,Business Case,Negotiation,2026-04-28T16:15:00
MOH-388,,Discovery,2026-02-17T10:45:00
MOH-388,Discovery,Qualification,2026-03-05T09:45:00
MOH-388,Qualification,Technical Evaluation,2026-03-30T10:45:00
MOH-388,Business Case,Negotiation,2026-04-26T16:45:00
MOH-388,Technical Evaluation,Business Case,2026-04-28T17:00:00
MOH-388,Negotiation,Closed Won,2026-04-30T14:15:00
MOH-389,,Discovery,2025-10-21T15:00:00
MOH-389,Discovery,Qualification,2025-11-12T08:45:00
MOH-389,Qualification,Technical Evaluation,2025-12-11T14:00:00
MOH-389,Technical Evaluation,Business Case,2026-02-05T09:00:00
MOH-389,Business Case,Negotiation,2026-03-25T13:45:00
MOH-389,Negotiation,Closed Won,2026-03-28T12:15:00
MOH-390,,Discovery,2025-10-06T14:45:00
MOH-390,Discovery,Qualification,2025-10-25T08:15:00
MOH-390,Qualification,Technical Evaluation,2025-12-01T14:30:00
MOH-390,Technical Evaluation,Business Case,2026-01-22T15:30:00
MOH-390,Negotiation,Closed Won,2026-03-04T11:15:00
MOH-390,Business Case,Negotiation,2026-03-05T16:15:00
MOH-391,,Discovery,2026-02-10T12:15:00
MOH-391,Negotiation,Closed Won,2026-03-05T13:00:00
MOH-391,Technical Evaluation,Business Case,2026-03-06T13:30:00
MOH-391,Business Case,Negotiation,2026-03-07T17:00:00
MOH-391,Qualification,Technical Evaluation,2026-03-08T16:00:00
MOH-391,Discovery,Qualification,2026-03-09T13:00:00
MOH-392,,Discovery,2026-01-26T17:15:00
MOH-392,Discovery,Qualification,2026-02-07T16:45:00
MOH-392,Business Case,Negotiation,2026-02-08T13:45:00
MOH-392,Negotiation,Closed Won,2026-02-09T12:45:00
MOH-392,Qualification,Business Case,2026-02-09T14:30:00
MOH-393,,Discovery,2025-08-05T11:00:00
MOH-393,Discovery,Qualification,2025-08-16T16:00:00
MOH-393,Qualification,Technical Evaluation,2025-09-26T15:00:00
MOH-393,Technical Evaluation,Business Case,2025-10-19T16:15:00
MOH-393,Business Case,Negotiation,2025-11-26T08:45:00
MOH-393,Negotiation,Closed Won,2025-12-22T12:15:00
MOH-394,,Discovery,2025-09-30T08:30:00
MOH-394,Discovery,Qualification,2025-10-16T16:15:00
MOH-394,Qualification,Technical Evaluation,2025-11-15T13:15:00
MOH-394,Technical Evaluation,Business Case,2026-01-02T13:00:00
MOH-394,Business Case,Negotiation,2026-02-09T15:30:00
MOH-394,Negotiation,Closed Won,2026-03-18T09:45:00
MOH-395,,Discovery,2025-08-07T13:30:00
MOH-395,Discovery,Qualification,2025-08-19T08:15:00
MOH-395,Qualification,Technical Evaluation,2025-09-03T08:15:00
MOH-395,Technical Evaluation,Business Case,2025-09-29T08:45:00
MOH-395,Business Case,Negotiation,2025-11-15T17:45:00
MOH-395,Negotiation,Closed Won,2025-12-20T08:45:00
MOH-396,,Discovery,2025-12-04T11:45:00
MOH-396,Discovery,Qualification,2025-12-18T12:00:00
MOH-396,Qualification,Technical Evaluation,2026-01-02T16:00:00
MOH-396,Technical Evaluation,Business Case,2026-02-16T13:30:00
MOH-396,Business Case,Negotiation,2026-03-09T12:15:00
MOH-396,Negotiation,Closed Won,2026-03-11T09:15:00
MOH-397,,Discovery,2025-09-05T14:45:00
MOH-397,Discovery,Qualification,2025-09-16T13:15:00
MOH-397,Qualification,Technical Evaluation,2025-10-06T12:15:00
MOH-397,Technical Evaluation,Business Case,2025-10-31T17:30:00
MOH-397,Business Case,Negotiation,2025-12-08T16:45:00
MOH-397,Negotiation,Closed Won,2026-01-11T12:45:00
MOH-398,,Discovery,2026-02-06T16:15:00
MOH-398,Discovery,Qualification,2026-02-24T17:30:00
MOH-398,Qualification,Business Case,2026-04-05T12:00:00
MOH-398,Negotiation,Closed Won,2026-04-28T11:00:00
MOH-398,Business Case,Negotiation,2026-04-29T11:00:00
MOH-399,,Discovery,2026-03-27T17:45:00
MOH-399,Discovery,Technical Evaluation,2026-04-10T17:15:00
MOH-399,Technical Evaluation,Business Case,2026-04-19T11:45:00
MOH-399,Business Case,Negotiation,2026-04-21T12:45:00
MOH-399,Negotiation,Closed Won,2026-04-23T17:00:00
MOH-400,,Discovery,2025-09-11T15:00:00
MOH-400,Discovery,Qualification,2025-09-23T12:45:00
MOH-400,Qualification,Technical Evaluation,2025-10-23T16:00:00
MOH-400,Technical Evaluation,Negotiation,2025-12-03T08:30:00
MOH-400,Negotiation,Closed Won,2026-01-14T16:30:00
MOH-401,,Discovery,2025-07-21T12:00:00
MOH-401,Discovery,Qualification,2025-08-12T14:45:00
MOH-401,Qualification,Business Case,2025-09-08T15:45:00
MOH-401,Business Case,Negotiation,2025-12-04T14:45:00
MOH-401,Negotiation,Closed Won,2026-01-12T16:15:00
MOH-402,,Discovery,2025-07-08T11:30:00
MOH-402,Discovery,Qualification,2025-07-24T16:30:00
MOH-402,Qualification,Technical Evaluation,2025-08-28T16:00:00
MOH-402,Technical Evaluation,Business Case,2025-10-06T16:30:00
MOH-402,Business Case,Negotiation,2025-11-20T16:00:00
MOH-402,Negotiation,Closed Won,2025-12-25T13:45:00
MOH-403,,Discovery,2025-12-05T13:00:00
MOH-403,Discovery,Qualification,2025-12-18T13:15:00
MOH-403,Qualification,Technical Evaluation,2026-01-15T16:00:00
MOH-403,Technical Evaluation,Business Case,2026-02-04T08:30:00
MOH-403,Negotiation,Closed Won,2026-02-04T11:00:00
MOH-403,Business Case,Negotiation,2026-02-05T10:00:00
MOH-404,,Discovery,2025-12-18T09:00:00
MOH-404,Discovery,Qualification,2026-01-03T10:45:00
MOH-404,Qualification,Technical Evaluation,2026-01-29T14:00:00
MOH-404,Technical Evaluation,Business Case,2026-03-01T17:00:00
MOH-404,Negotiation,Closed Won,2026-03-19T10:00:00
MOH-404,Business Case,Negotiation,2026-03-21T14:00:00
MOH-405,,Discovery,2025-11-26T15:15:00
MOH-405,Discovery,Technical Evaluation,2025-12-14T11:45:00
MOH-405,Technical Evaluation,Business Case,2026-01-25T11:15:00
MOH-405,Business Case,Negotiation,2026-03-10T11:30:00
MOH-405,Negotiation,Closed Won,2026-04-06T16:15:00
MOH-406,,Discovery,2025-10-24T16:30:00
MOH-406,Discovery,Qualification,2025-11-01T17:15:00
MOH-406,Qualification,Technical Evaluation,2025-11-21T16:30:00
MOH-406,Technical Evaluation,Business Case,2025-12-25T10:45:00
MOH-406,Business Case,Negotiation,2026-01-29T15:00:00
MOH-406,Negotiation,Closed Won,2026-03-12T12:45:00
MOH-407,,Discovery,2025-09-15T08:30:00
MOH-407,Discovery,Qualification,2025-10-14T11:30:00
MOH-407,Qualification,Technical Evaluation,2025-11-17T13:00:00
MOH-407,Technical Evaluation,Business Case,2025-12-22T14:45:00
MOH-407,Business Case,Negotiation,2026-02-02T08:30:00
MOH-407,Negotiation,Closed Won,2026-03-07T15:30:00
MOH-408,,Discovery,2025-09-02T16:15:00
MOH-408,Discovery,Qualification,2025-09-24T09:15:00
MOH-408,Qualification,Technical Evaluation,2025-10-31T16:30:00
MOH-408,Technical Evaluation,Business Case,2025-12-04T16:00:00
MOH-408,Business Case,Negotiation,2026-02-01T14:45:00
MOH-408,Negotiation,Closed Won,2026-03-16T13:00:00
MOH-409,,Discovery,2025-10-07T11:15:00
MOH-409,Discovery,Qualification,2025-10-26T14:00:00
MOH-409,Qualification,Technical Evaluation,2025-11-30T13:15:00
MOH-409,Technical Evaluation,Business Case,2025-12-26T09:45:00
MOH-409,Business Case,Negotiation,2026-02-18T10:30:00
MOH-409,Negotiation,Closed Won,2026-02-22T08:45:00
MOH-410,,Discovery,2025-11-20T17:00:00
MOH-410,Discovery,Technical Evaluation,2025-12-03T16:15:00
MOH-410,Technical Evaluation,Business Case,2025-12-28T13:45:00
MOH-410,Business Case,Negotiation,2026-02-20T17:15:00
MOH-410,Negotiation,Closed Won,2026-03-29T09:00:00
MOH-411,,Discovery,2025-07-07T16:45:00
MOH-411,Discovery,Qualification,2025-07-25T15:15:00
MOH-411,Qualification,Technical Evaluation,2025-09-04T14:15:00
MOH-411,Technical Evaluation,Business Case,2025-10-09T17:30:00
MOH-411,Business Case,Negotiation,2025-12-11T10:45:00
MOH-411,Negotiation,Closed Won,2026-01-11T10:00:00
MOH-412,,Discovery,2026-01-02T09:45:00
MOH-412,Discovery,Technical Evaluation,2026-01-22T14:15:00
MOH-412,Technical Evaluation,Business Case,2026-02-19T15:30:00
MOH-412,Business Case,Negotiation,2026-02-20T09:45:00
MOH-412,Negotiation,Closed Won,2026-02-23T16:00:00
MOH-413,,Discovery,2025-07-28T11:00:00
MOH-413,Discovery,Qualification,2025-08-15T17:45:00
MOH-413,Qualification,Technical Evaluation,2025-09-26T15:45:00
MOH-413,Technical Evaluation,Business Case,2025-10-22T12:15:00
MOH-413,Business Case,Negotiation,2025-12-16T09:00:00
MOH-413,Negotiation,Closed Won,2026-02-03T08:00:00
MOH-414,,Discovery,2025-07-09T17:00:00
MOH-414,Discovery,Qualification,2025-08-06T09:45:00
MOH-414,Qualification,Business Case,2025-09-18T09:00:00
MOH-414,Business Case,Negotiation,2025-11-03T09:45:00
MOH-414,Negotiation,Closed Won,2026-01-03T15:45:00
MOH-415,,Discovery,2025-10-23T14:00:00
MOH-415,Discovery,Qualification,2025-11-06T13:45:00
MOH-415,Qualification,Technical Evaluation,2025-11-29T08:30:00
MOH-415,Technical Evaluation,Business Case,2025-12-23T14:15:00
MOH-415,Negotiation,Closed Won,2026-02-03T10:30:00
MOH-415,Business Case,Negotiation,2026-02-06T08:15:00
MOH-416,,Discovery,2025-08-11T17:30:00
MOH-416,Discovery,Qualification,2025-08-26T14:30:00
MOH-416,Qualification,Technical Evaluation,2025-09-21T17:30:00
MOH-416,Technical Evaluation,Business Case,2025-10-18T11:00:00
MOH-416,Business Case,Negotiation,2025-11-17T10:00:00
MOH-416,Negotiation,Closed Won,2025-12-10T12:45:00
MOH-417,,Discovery,2026-03-03T12:30:00
MOH-417,Negotiation,Closed Won,2026-03-15T10:00:00
MOH-417,Discovery,Qualification,2026-03-17T10:00:00
MOH-417,Qualification,Technical Evaluation,2026-03-18T14:15:00
MOH-417,Technical Evaluation,Business Case,2026-03-19T11:45:00
MOH-417,Business Case,Negotiation,2026-03-19T15:30:00
MOH-418,,Discovery,2025-10-29T15:15:00
MOH-418,Discovery,Qualification,2025-11-08T13:30:00
MOH-418,Qualification,Technical Evaluation,2025-12-17T14:15:00
MOH-418,Technical Evaluation,Business Case,2026-01-11T10:45:00
MOH-418,Business Case,Negotiation,2026-03-12T12:15:00
MOH-418,Negotiation,Closed Won,2026-04-12T11:00:00
MOH-419,,Discovery,2025-09-01T09:30:00
MOH-419,Discovery,Qualification,2025-09-20T16:00:00
MOH-419,Qualification,Technical Evaluation,2025-10-26T14:15:00
MOH-419,Technical Evaluation,Business Case,2025-12-13T16:15:00
MOH-419,Business Case,Negotiation,2026-02-01T16:45:00
MOH-419,Negotiation,Closed Won,2026-02-02T17:30:00
MOH-420,,Discovery,2025-10-01T14:15:00
MOH-420,Discovery,Qualification,2025-10-09T17:15:00
MOH-420,Qualification,Technical Evaluation,2025-11-09T11:45:00
MOH-420,Technical Evaluation,Business Case,2025-12-02T16:00:00
MOH-420,Business Case,Negotiation,2026-01-27T12:30:00
MOH-420,Negotiation,Closed Won,2026-03-05T15:15:00
MOH-421,,Discovery,2026-02-18T15:15:00
MOH-421,Discovery,Qualification,2026-03-01T14:45:00
MOH-421,Qualification,Technical Evaluation,2026-03-07T11:15:00
MOH-421,Technical Evaluation,Business Case,2026-03-08T14:15:00
MOH-421,Negotiation,Closed Won,2026-03-10T17:15:00
MOH-421,Business Case,Negotiation,2026-03-11T11:15:00
MOH-422,,Discovery,2025-07-10T16:30:00
MOH-422,Discovery,Qualification,2025-07-28T11:15:00
MOH-422,Qualification,Technical Evaluation,2025-08-30T13:45:00
MOH-422,Technical Evaluation,Business Case,2025-10-03T11:15:00
MOH-422,Business Case,Negotiation,2025-11-13T15:00:00
MOH-422,Negotiation,Closed Won,2025-12-29T13:45:00
MOH-423,,Discovery,2025-12-23T17:15:00
MOH-423,Discovery,Qualification,2026-01-19T09:30:00
MOH-423,Qualification,Technical Evaluation,2026-02-12T10:00:00
MOH-423,Technical Evaluation,Business Case,2026-04-02T13:30:00
MOH-423,Business Case,Negotiation,2026-04-29T15:30:00
MOH-423,Negotiation,Closed Won,2026-04-30T08:15:00
MOH-424,,Discovery,2026-01-20T17:45:00
MOH-424,Discovery,Qualification,2026-02-07T17:30:00
MOH-424,Qualification,Technical Evaluation,2026-02-22T12:30:00
MOH-424,Technical Evaluation,Business Case,2026-02-25T12:15:00
MOH-424,Negotiation,Closed Won,2026-02-25T12:30:00
MOH-424,Business Case,Negotiation,2026-02-26T11:15:00
MOH-425,,Discovery,2025-07-23T15:45:00
MOH-425,Discovery,Qualification,2025-08-03T08:30:00
MOH-425,Qualification,Technical Evaluation,2025-08-25T08:30:00
MOH-425,Technical Evaluation,Business Case,2025-10-03T13:30:00
MOH-425,Business Case,Negotiation,2025-11-20T15:45:00
MOH-425,Negotiation,Closed Won,2026-01-01T11:30:00
MOH-426,,Discovery,2025-12-18T10:45:00
MOH-426,Discovery,Qualification,2025-12-27T09:00:00
MOH-426,Qualification,Technical Evaluation,2026-01-15T15:30:00
MOH-426,Technical Evaluation,Business Case,2026-02-17T15:00:00
MOH-426,Business Case,Negotiation,2026-03-26T09:30:00
MOH-426,Negotiation,Closed Won,2026-04-27T16:15:00
MOH-427,,Discovery,2025-09-24T15:45:00
MOH-427,Discovery,Qualification,2025-10-11T11:15:00
MOH-427,Qualification,Technical Evaluation,2025-11-04T13:15:00
MOH-427,Technical Evaluation,Negotiation,2025-12-02T17:45:00
MOH-427,Negotiation,Closed Won,2025-12-20T16:45:00
MOH-428,,Discovery,2025-06-25T16:15:00
MOH-428,Discovery,Qualification,2025-07-14T16:15:00
MOH-428,Qualification,Technical Evaluation,2025-08-15T16:15:00
MOH-428,Technical Evaluation,Business Case,2025-10-18T14:30:00
MOH-428,Business Case,Negotiation,2025-12-07T13:45:00
MOH-428,Negotiation,Closed Won,2026-02-24T17:15:00
MOH-429,,Discovery,2025-08-29T15:00:00
MOH-429,Discovery,Technical Evaluation,2025-09-06T16:45:00
MOH-429,Technical Evaluation,Business Case,2025-10-06T10:45:00
MOH-429,Business Case,Negotiation,2025-11-03T16:00:00
MOH-429,Negotiation,Closed Won,2025-12-13T13:45:00
MOH-430,,Discovery,2025-09-16T08:15:00
MOH-430,Discovery,Qualification,2025-10-04T08:00:00
MOH-430,Qualification,Technical Evaluation,2025-10-26T16:00:00
MOH-430,Technical Evaluation,Business Case,2025-12-17T08:45:00
MOH-430,Business Case,Negotiation,2026-02-21T09:45:00
MOH-430,Negotiation,Closed Won,2026-03-09T09:15:00
MOH-431,,Discovery,2025-08-28T14:00:00
MOH-431,Discovery,Qualification,2025-09-17T12:15:00
MOH-431,Qualification,Technical Evaluation,2025-10-14T12:45:00
MOH-431,Technical Evaluation,Business Case,2025-11-23T11:00:00
MOH-431,Business Case,Negotiation,2026-01-17T15:45:00
MOH-431,Negotiation,Closed Won,2026-02-11T14:30:00
MOH-432,,Discovery,2026-03-26T16:30:00
MOH-432,Discovery,Technical Evaluation,2026-04-11T13:45:00
MOH-432,Business Case,Negotiation,2026-04-13T11:45:00
MOH-432,Technical Evaluation,Business Case,2026-04-15T11:15:00
MOH-432,Negotiation,Closed Won,2026-04-15T13:15:00
MOH-433,,Discovery,2025-09-09T11:45:00
MOH-433,Discovery,Qualification,2025-09-21T10:15:00
MOH-433,Qualification,Technical Evaluation,2025-10-30T17:30:00
MOH-433,Technical Evaluation,Business Case,2025-12-13T12:15:00
MOH-433,Business Case,Negotiation,2026-01-27T13:15:00
MOH-433,Negotiation,Closed Won,2026-03-03T17:00:00
MOH-434,,Discovery,2025-07-02T10:00:00
MOH-434,Discovery,Qualification,2025-07-24T08:30:00
MOH-434,Qualification,Technical Evaluation,2025-08-20T14:00:00
MOH-434,Technical Evaluation,Business Case,2025-09-24T15:45:00
MOH-434,Business Case,Negotiation,2025-11-23T12:30:00
MOH-434,Negotiation,Closed Won,2026-01-26T12:15:00
MOH-435,,Discovery,2025-12-09T10:30:00
MOH-435,Discovery,Technical Evaluation,2025-12-23T09:45:00
MOH-435,Technical Evaluation,Business Case,2026-01-21T16:30:00
MOH-435,Business Case,Negotiation,2026-02-28T08:15:00
MOH-435,Negotiation,Closed Won,2026-04-19T16:15:00
MOH-436,,Discovery,2025-07-18T15:15:00
MOH-436,Discovery,Qualification,2025-08-03T12:30:00
MOH-436,Qualification,Technical Evaluation,2025-08-22T08:15:00
MOH-436,Technical Evaluation,Business Case,2025-09-11T16:00:00
MOH-436,Business Case,Negotiation,2025-10-16T08:30:00
MOH-436,Negotiation,Closed Won,2025-11-06T11:00:00
MOH-437,,Discovery,2025-07-04T15:15:00
MOH-437,Discovery,Qualification,2025-07-24T14:00:00
MOH-437,Qualification,Technical Evaluation,2025-08-29T10:15:00
MOH-437,Technical Evaluation,Business Case,2025-10-20T16:15:00
MOH-437,Business Case,Negotiation,2025-11-27T13:30:00
MOH-437,Negotiation,Closed Won,2025-12-30T09:00:00
MOH-438,,Discovery,2025-10-24T16:15:00
MOH-438,Discovery,Technical Evaluation,2025-11-11T11:15:00
MOH-438,Technical Evaluation,Business Case,2025-12-27T12:15:00
MOH-438,Business Case,Negotiation,2026-02-26T17:45:00
MOH-438,Negotiation,Closed Won,2026-04-01T16:45:00
MOH-439,,Discovery,2025-09-18T08:00:00
MOH-439,Discovery,Qualification,2025-10-01T10:00:00
MOH-439,Qualification,Technical Evaluation,2025-10-18T13:30:00
MOH-439,Technical Evaluation,Business Case,2025-11-14T14:30:00
MOH-439,Business Case,Negotiation,2026-01-10T16:45:00
MOH-439,Negotiation,Closed Won,2026-02-05T16:15:00
MOH-440,,Discovery,2025-07-17T09:30:00
MOH-440,Discovery,Qualification,2025-07-25T17:00:00
MOH-440,Qualification,Technical Evaluation,2025-08-09T13:45:00
MOH-440,Technical Evaluation,Business Case,2025-09-11T15:45:00
MOH-440,Business Case,Negotiation,2025-10-26T14:00:00
MOH-440,Negotiation,Closed Won,2025-11-22T08:30:00
MOH-441,,Discovery,2025-07-25T16:45:00
MOH-441,Discovery,Qualification,2025-08-07T10:30:00
MOH-441,Qualification,Technical Evaluation,2025-09-11T17:00:00
MOH-441,Technical Evaluation,Business Case,2025-10-13T16:15:00
MOH-441,Business Case,Negotiation,2025-11-30T16:15:00
MOH-441,Negotiation,Closed Won,2026-01-15T12:15:00
MOH-442,,Discovery,2025-06-10T12:00:00
MOH-442,Discovery,Qualification,2025-06-21T14:45:00
MOH-442,Qualification,Technical Evaluation,2025-07-13T10:30:00
MOH-442,Technical Evaluation,Business Case,2025-08-16T12:15:00
MOH-442,Business Case,Negotiation,2025-09-28T09:45:00
MOH-442,Negotiation,Closed Won,2025-10-24T14:15:00
MOH-443,,Discovery,2025-07-14T15:45:00
MOH-443,Discovery,Qualification,2025-08-03T13:30:00
MOH-443,Qualification,Technical Evaluation,2025-09-04T12:45:00
MOH-443,Technical Evaluation,Negotiation,2025-10-23T14:15:00
MOH-443,Negotiation,Closed Won,2025-12-02T09:30:00
MOH-444,,Discovery,2025-06-16T15:00:00
MOH-444,Discovery,Qualification,2025-07-08T13:15:00
MOH-444,Qualification,Technical Evaluation,2025-07-28T16:45:00
MOH-444,Technical Evaluation,Business Case,2025-09-15T10:30:00
MOH-444,Business Case,Negotiation,2025-11-13T11:45:00
MOH-444,Negotiation,Closed Won,2025-12-31T17:30:00
MOH-445,,Discovery,2025-07-04T17:00:00
MOH-445,Discovery,Qualification,2025-07-21T14:30:00
MOH-445,Qualification,Technical Evaluation,2025-08-16T17:15:00
MOH-445,Technical Evaluation,Business Case,2025-09-09T08:00:00
MOH-445,Business Case,Negotiation,2025-10-25T12:30:00
MOH-445,Negotiation,Closed Won,2025-11-19T13:45:00
MOH-446,,Discovery,2026-02-12T10:30:00
MOH-446,Discovery,Qualification,2026-03-02T08:45:00
MOH-446,Qualification,Technical Evaluation,2026-04-02T16:45:00
MOH-446,Technical Evaluation,Business Case,2026-04-28T12:30:00
MOH-446,Business Case,Negotiation,2026-04-29T09:15:00
MOH-446,Negotiation,Closed Won,2026-04-29T10:15:00
MOH-447,,Discovery,2025-10-13T15:30:00
MOH-447,Discovery,Qualification,2025-10-27T08:15:00
MOH-447,Qualification,Technical Evaluation,2025-11-19T11:00:00
MOH-447,Technical Evaluation,Business Case,2025-12-15T13:45:00
MOH-447,Business Case,Negotiation,2026-01-19T13:30:00
MOH-447,Negotiation,Closed Won,2026-02-21T11:30:00
MOH-448,,Discovery,2026-01-28T09:00:00
MOH-448,Discovery,Qualification,2026-02-27T08:45:00
MOH-448,Business Case,Negotiation,2026-03-22T14:00:00
MOH-448,Qualification,Technical Evaluation,2026-03-22T16:15:00
MOH-448,Negotiation,Closed Won,2026-03-24T11:45:00
MOH-448,Technical Evaluation,Business Case,2026-03-24T16:00:00
MOH-449,,Discovery,2025-08-28T08:45:00
MOH-449,Discovery,Qualification,2025-09-08T12:15:00
MOH-449,Qualification,Technical Evaluation,2025-10-19T17:15:00
MOH-449,Technical Evaluation,Business Case,2025-11-15T16:45:00
MOH-449,Business Case,Negotiation,2026-01-21T17:15:00
MOH-449,Negotiation,Closed Won,2026-02-26T08:45:00
MOH-450,,Discovery,2025-08-15T16:15:00
MOH-450,Discovery,Qualification,2025-08-23T16:00:00
MOH-450,Qualification,Technical Evaluation,2025-09-22T12:45:00
MOH-450,Technical Evaluation,Business Case,2025-10-22T16:30:00
MOH-450,Business Case,Negotiation,2025-12-17T10:30:00
MOH-450,Negotiation,Closed Won,2026-01-06T16:30:00
MOH-451,,Discovery,2025-10-24T15:15:00
MOH-451,Discovery,Technical Evaluation,2025-11-06T09:00:00
MOH-451,Technical Evaluation,Business Case,2025-12-19T08:00:00
MOH-451,Business Case,Negotiation,2026-01-19T13:00:00
MOH-451,Negotiation,Closed Won,2026-02-20T12:15:00
MOH-452,,Discovery,2026-02-04T15:15:00
MOH-452,Discovery,Qualification,2026-02-25T15:45:00
MOH-452,Technical Evaluation,Business Case,2026-03-22T17:00:00
MOH-452,Qualification,Technical Evaluation,2026-03-23T15:30:00
MOH-452,Negotiation,Closed Won,2026-03-25T08:30:00
MOH-452,Business Case,Negotiation,2026-03-26T11:00:00
MOH-453,,Discovery,2025-07-29T09:30:00
MOH-453,Discovery,Qualification,2025-08-17T13:00:00
MOH-453,Qualification,Technical Evaluation,2025-09-16T11:15:00
MOH-453,Technical Evaluation,Business Case,2025-10-23T17:45:00
MOH-453,Business Case,Negotiation,2025-12-17T08:45:00
MOH-453,Negotiation,Closed Won,2026-02-05T16:45:00
MOH-454,,Discovery,2025-12-26T12:30:00
MOH-454,Discovery,Qualification,2026-01-11T17:15:00
MOH-454,Qualification,Technical Evaluation,2026-02-18T17:30:00
MOH-454,Technical Evaluation,Business Case,2026-03-28T13:00:00
MOH-454,Business Case,Negotiation,2026-04-06T08:30:00
MOH-454,Negotiation,Closed Won,2026-04-09T14:15:00
MOH-455,,Discovery,2026-02-13T12:15:00
MOH-455,Discovery,Qualification,2026-02-27T11:45:00
MOH-455,Qualification,Technical Evaluation,2026-03-18T14:15:00
MOH-455,Technical Evaluation,Business Case,2026-04-09T09:45:00
MOH-455,Business Case,Negotiation,2026-04-19T08:45:00
MOH-455,Negotiation,Closed Won,2026-04-21T11:30:00
MOH-456,,Discovery,2025-06-27T15:30:00
MOH-456,Discovery,Qualification,2025-07-12T10:30:00
MOH-456,Qualification,Technical Evaluation,2025-08-06T14:15:00
MOH-456,Technical Evaluation,Business Case,2025-08-29T11:45:00
MOH-456,Business Case,Negotiation,2025-10-19T09:15:00
MOH-456,Negotiation,Closed Won,2025-12-01T08:30:00
MOH-457,,Discovery,2025-06-20T09:00:00
MOH-457,Discovery,Technical Evaluation,2025-07-01T08:30:00
MOH-457,Technical Evaluation,Business Case,2025-08-15T10:30:00
MOH-457,Business Case,Negotiation,2025-09-13T15:15:00
MOH-457,Negotiation,Closed Won,2025-10-24T10:30:00
MOH-458,,Discovery,2025-11-20T08:00:00
MOH-458,Discovery,Qualification,2025-12-17T13:30:00
MOH-458,Qualification,Technical Evaluation,2026-01-18T09:45:00
MOH-458,Technical Evaluation,Negotiation,2026-02-22T12:00:00
MOH-458,Negotiation,Closed Won,2026-03-19T13:45:00
MOH-459,,Discovery,2025-11-07T15:45:00
MOH-459,Discovery,Technical Evaluation,2025-11-23T12:30:00
MOH-459,Technical Evaluation,Business Case,2026-01-05T17:00:00
MOH-459,Business Case,Negotiation,2026-02-24T08:15:00
MOH-459,Negotiation,Closed Won,2026-03-31T11:45:00
MOH-460,,Discovery,2025-11-10T10:00:00
MOH-460,Discovery,Technical Evaluation,2025-12-02T16:15:00
MOH-460,Technical Evaluation,Business Case,2026-01-06T15:15:00
MOH-460,Business Case,Negotiation,2026-03-02T10:30:00
MOH-460,Negotiation,Closed Won,2026-04-10T14:15:00
MOH-461,,Discovery,2025-09-12T17:45:00
MOH-461,Discovery,Qualification,2025-09-27T17:15:00
MOH-461,Qualification,Technical Evaluation,2025-11-10T17:45:00
MOH-461,Technical Evaluation,Business Case,2026-01-14T12:30:00
MOH-461,Negotiation,Closed Won,2026-01-30T14:15:00
MOH-461,Business Case,Negotiation,2026-01-30T15:30:00
MOH-462,,Discovery,2025-10-17T13:45:00
MOH-462,Discovery,Qualification,2025-11-09T15:15:00
MOH-462,Qualification,Business Case,2025-12-27T10:45:00
MOH-462,Business Case,Negotiation,2026-02-17T10:00:00
MOH-462,Negotiation,Closed Won,2026-04-08T13:30:00
MOH-463,,Discovery,2026-01-26T11:30:00
MOH-463,Discovery,Qualification,2026-02-10T12:15:00
MOH-463,Qualification,Technical Evaluation,2026-02-28T08:30:00
MOH-463,Technical Evaluation,Business Case,2026-03-20T11:15:00
MOH-463,Business Case,Negotiation,2026-03-27T08:45:00
MOH-463,Negotiation,Closed Won,2026-03-31T08:00:00
MOH-464,,Discovery,2025-11-28T11:15:00
MOH-464,Discovery,Qualification,2025-12-10T11:00:00
MOH-464,Qualification,Technical Evaluation,2025-12-31T09:15:00
MOH-464,Technical Evaluation,Business Case,2026-01-25T12:00:00
MOH-464,Business Case,Negotiation,2026-03-27T17:30:00
MOH-464,Negotiation,Closed Won,2026-03-29T17:30:00
MOH-465,,Discovery,2025-06-03T17:30:00
MOH-465,Discovery,Qualification,2025-06-14T10:45:00
MOH-465,Qualification,Technical Evaluation,2025-07-09T09:00:00
MOH-465,Technical Evaluation,Business Case,2025-08-05T15:00:00
MOH-465,Business Case,Negotiation,2025-09-23T13:00:00
MOH-465,Negotiation,Closed Won,2025-10-23T08:45:00
MOH-466,,Discovery,2026-02-11T09:30:00
MOH-466,Discovery,Qualification,2026-03-13T11:15:00
MOH-466,Negotiation,Closed Won,2026-04-08T12:30:00
MOH-466,Technical Evaluation,Business Case,2026-04-11T08:30:00
MOH-466,Qualification,Technical Evaluation,2026-04-11T11:15:00
MOH-466,Business Case,Negotiation,2026-04-11T16:00:00
MOH-467,,Discovery,2025-10-29T11:45:00
MOH-467,Discovery,Qualification,2025-11-10T17:45:00
MOH-467,Qualification,Technical Evaluation,2025-12-21T08:00:00
MOH-467,Technical Evaluation,Business Case,2026-02-03T16:45:00
MOH-467,Negotiation,Closed Won,2026-03-06T14:15:00
MOH-467,Business Case,Negotiation,2026-03-07T13:30:00
MOH-468,,Discovery,2025-10-21T08:30:00
MOH-468,Discovery,Qualification,2025-11-12T14:45:00
MOH-468,Qualification,Closed Lost,2025-12-19T17:30:00
MOH-469,,Discovery,2026-01-16T11:15:00
MOH-469,Discovery,Qualification,2026-01-28T08:15:00
MOH-469,Qualification,Closed Lost,2026-02-18T13:45:00
MOH-470,,Discovery,2025-12-09T11:45:00
MOH-470,Discovery,Qualification,2025-12-22T16:00:00
MOH-470,Qualification,Technical Evaluation,2026-01-24T17:45:00
MOH-470,Technical Evaluation,Business Case,2026-03-04T15:30:00
MOH-470,Business Case,Closed Lost,2026-04-04T08:30:00
MOH-471,,Discovery,2025-09-11T09:45:00
MOH-471,Discovery,Qualification,2025-09-21T08:30:00
MOH-471,Qualification,Closed Lost,2025-10-11T15:30:00
MOH-472,,Discovery,2025-12-10T10:15:00
MOH-472,Discovery,Qualification,2026-01-05T17:45:00
MOH-472,Qualification,Technical Evaluation,2026-01-31T12:00:00
MOH-472,Technical Evaluation,Closed Lost,2026-03-07T12:30:00
MOH-473,,Discovery,2025-10-21T14:30:00
MOH-473,Discovery,Qualification,2025-10-31T15:15:00
MOH-473,Qualification,Technical Evaluation,2025-12-01T17:45:00
MOH-473,Technical Evaluation,Business Case,2026-01-04T14:45:00
MOH-473,Business Case,Negotiation,2026-03-10T14:15:00
MOH-473,Negotiation,Closed Lost,2026-04-07T11:00:00
MOH-474,,Discovery,2026-01-09T11:30:00
MOH-474,Discovery,Qualification,2026-02-06T08:15:00
MOH-474,Business Case,Closed Lost,2026-02-12T17:15:00
MOH-474,Qualification,Technical Evaluation,2026-02-15T15:15:00
MOH-474,Technical Evaluation,Business Case,2026-02-16T17:00:00
MOH-475,,Discovery,2025-09-26T13:15:00
MOH-475,Discovery,Qualification,2025-10-10T17:00:00
MOH-475,Qualification,Technical Evaluation,2025-11-07T17:30:00
MOH-475,Technical Evaluation,Business Case,2026-01-13T17:30:00
MOH-475,Business Case,Negotiation,2026-03-03T14:30:00
MOH-475,Negotiation,Closed Lost,2026-03-18T14:30:00
MOH-476,,Discovery,2025-11-11T15:30:00
MOH-476,Discovery,Qualification,2025-11-23T15:15:00
MOH-476,Qualification,Business Case,2025-12-20T15:30:00
MOH-476,Business Case,Negotiation,2026-02-05T12:00:00
MOH-476,Negotiation,Closed Lost,2026-03-26T08:45:00
MOH-477,,Discovery,2026-02-06T17:15:00
MOH-477,Discovery,Qualification,2026-02-18T15:30:00
MOH-477,Qualification,Technical Evaluation,2026-02-25T11:30:00
MOH-477,Technical Evaluation,Closed Lost,2026-02-26T10:00:00
MOH-478,,Discovery,2026-03-16T08:30:00
MOH-478,Technical Evaluation,Business Case,2026-03-28T11:00:00
MOH-478,Discovery,Qualification,2026-03-28T17:30:00
MOH-478,Business Case,Closed Lost,2026-03-29T12:00:00
MOH-478,Qualification,Technical Evaluation,2026-03-30T14:15:00
MOH-479,,Discovery,2026-01-26T16:00:00
MOH-479,Qualification,Closed Lost,2026-02-14T11:00:00
MOH-479,Discovery,Qualification,2026-02-15T16:45:00
MOH-480,,Discovery,2025-07-31T14:30:00
MOH-480,Discovery,Qualification,2025-08-20T15:15:00
MOH-480,Qualification,Technical Evaluation,2025-09-29T09:00:00
MOH-480,Technical Evaluation,Closed Lost,2025-11-07T09:45:00
MOH-481,,Discovery,2025-09-23T11:15:00
MOH-481,Discovery,Qualification,2025-10-10T16:15:00
MOH-481,Qualification,Technical Evaluation,2025-11-01T12:15:00
MOH-481,Technical Evaluation,Business Case,2025-11-27T12:45:00
MOH-481,Business Case,Closed Lost,2026-01-04T08:45:00
MOH-482,,Discovery,2025-10-23T15:00:00
MOH-482,Discovery,Qualification,2025-11-05T10:30:00
MOH-482,Qualification,Technical Evaluation,2025-12-13T08:15:00
MOH-482,Technical Evaluation,Closed Lost,2026-01-07T13:30:00
MOH-483,,Discovery,2026-02-04T12:00:00
MOH-483,Discovery,Technical Evaluation,2026-02-20T14:00:00
MOH-483,Technical Evaluation,Business Case,2026-03-20T12:30:00
MOH-483,Negotiation,Closed Lost,2026-04-16T11:30:00
MOH-483,Business Case,Negotiation,2026-04-17T15:45:00
MOH-484,,Discovery,2026-02-16T08:15:00
MOH-484,Discovery,Qualification,2026-03-16T17:45:00
MOH-484,Technical Evaluation,Closed Lost,2026-03-24T13:15:00
MOH-484,Qualification,Technical Evaluation,2026-03-25T12:45:00
MOH-485,,Discovery,2025-12-12T08:30:00
MOH-485,Discovery,Qualification,2025-12-27T11:15:00
MOH-485,Qualification,Technical Evaluation,2026-01-28T11:15:00
MOH-485,Technical Evaluation,Closed Lost,2026-02-24T10:15:00
MOH-486,,Discovery,2026-01-16T16:00:00
MOH-486,Discovery,Technical Evaluation,2026-01-27T11:45:00
MOH-486,Technical Evaluation,Closed Lost,2026-03-13T17:00:00
MOH-487,,Discovery,2025-11-28T16:15:00
MOH-487,Discovery,Qualification,2025-12-16T15:45:00
MOH-487,Qualification,Technical Evaluation,2026-01-10T17:00:00
MOH-487,Technical Evaluation,Business Case,2026-02-08T12:45:00
MOH-487,Business Case,Negotiation,2026-03-17T17:00:00
MOH-487,Negotiation,Closed Lost,2026-03-29T14:00:00
MOH-488,,Discovery,2025-07-11T11:30:00
MOH-488,Discovery,Qualification,2025-07-30T16:30:00
MOH-488,Qualification,Technical Evaluation,2025-08-31T16:15:00
MOH-488,Technical Evaluation,Negotiation,2025-10-03T11:30:00
MOH-488,Negotiation,Closed Lost,2025-12-18T17:45:00
MOH-489,,Discovery,2025-09-25T08:30:00
MOH-489,Discovery,Qualification,2025-10-03T13:45:00
MOH-489,Qualification,Closed Lost,2025-11-02T08:15:00
MOH-490,,Discovery,2025-07-25T14:00:00
MOH-490,Discovery,Technical Evaluation,2025-08-09T17:45:00
MOH-490,Technical Evaluation,Closed Lost,2025-09-15T12:15:00
MOH-491,,Discovery,2025-06-18T17:15:00
MOH-491,Discovery,Qualification,2025-07-15T14:00:00
MOH-491,Qualification,Technical Evaluation,2025-08-31T12:15:00
MOH-491,Technical Evaluation,Business Case,2025-10-16T15:15:00
MOH-491,Business Case,Negotiation,2025-12-13T10:00:00
MOH-491,Negotiation,Closed Lost,2026-02-09T08:30:00
MOH-492,,Discovery,2025-06-27T17:00:00
MOH-492,Discovery,Qualification,2025-07-16T15:30:00
MOH-492,Qualification,Closed Lost,2025-08-12T08:30:00
MOH-493,,Discovery,2026-02-04T17:45:00
MOH-493,Qualification,Technical Evaluation,2026-02-18T09:30:00
MOH-493,Discovery,Qualification,2026-02-21T10:45:00
MOH-493,Business Case,Closed Lost,2026-02-22T11:00:00
MOH-493,Technical Evaluation,Business Case,2026-02-22T12:45:00
MOH-494,,Discovery,2025-12-11T12:00:00
MOH-494,Discovery,Qualification,2025-12-29T14:00:00
MOH-494,Business Case,Closed Lost,2026-02-06T11:45:00
MOH-494,Technical Evaluation,Business Case,2026-02-08T09:45:00
MOH-494,Qualification,Technical Evaluation,2026-02-08T16:30:00
MOH-495,,Discovery,2025-08-04T08:00:00
MOH-495,Discovery,Qualification,2025-08-23T16:45:00
MOH-495,Qualification,Technical Evaluation,2025-09-10T09:30:00
MOH-495,Technical Evaluation,Closed Lost,2025-10-14T13:15:00
MOH-496,,Discovery,2025-09-03T08:30:00
MOH-496,Discovery,Qualification,2025-09-14T15:30:00
MOH-496,Qualification,Closed Lost,2025-10-12T09:00:00
MOH-497,,Discovery,2026-03-31T09:00:00
MOH-497,Discovery,Qualification,2026-04-19T17:15:00
MOH-497,Technical Evaluation,Closed Lost,2026-04-27T09:00:00
MOH-497,Qualification,Technical Evaluation,2026-04-29T08:00:00
MOH-498,,Discovery,2026-01-12T16:00:00
MOH-498,Discovery,Qualification,2026-01-26T11:00:00
MOH-498,Qualification,Technical Evaluation,2026-02-13T08:30:00
MOH-498,Technical Evaluation,Business Case,2026-03-12T17:15:00
MOH-498,Business Case,Closed Lost,2026-04-27T08:45:00
MOH-499,,Discovery,2025-08-13T08:00:00
MOH-499,Discovery,Qualification,2025-09-05T11:15:00
MOH-499,Qualification,Technical Evaluation,2025-09-29T08:30:00
MOH-499,Technical Evaluation,Business Case,2025-10-31T11:00:00
MOH-499,Business Case,Negotiation,2026-01-22T14:30:00
MOH-499,Negotiation,Closed Lost,2026-02-28T14:15:00
MOH-500,,Discovery,2026-01-13T13:30:00
MOH-500,Discovery,Qualification,2026-01-26T10:30:00
MOH-500,Qualification,Closed Lost,2026-03-12T14:15:00
MOH-501,,Discovery,2025-09-08T09:00:00
MOH-501,Discovery,Qualification,2025-09-24T10:00:00
MOH-501,Qualification,Technical Evaluation,2025-11-08T17:45:00
MOH-501,Technical Evaluation,Closed Lost,2025-12-15T14:15:00
MOH-502,,Discovery,2025-11-06T11:15:00
MOH-502,Discovery,Qualification,2025-11-25T14:45:00
MOH-502,Qualification,Closed Lost,2025-12-31T17:00:00
MOH-503,,Discovery,2025-07-31T11:30:00
MOH-503,Discovery,Qualification,2025-08-22T11:30:00
MOH-503,Qualification,Closed Lost,2025-09-20T08:00:00
MOH-504,,Discovery,2025-11-10T11:45:00
MOH-504,Discovery,Qualification,2025-12-01T12:45:00
MOH-504,Qualification,Technical Evaluation,2025-12-25T12:00:00
MOH-504,Technical Evaluation,Business Case,2026-01-28T16:00:00
MOH-504,Business Case,Closed Lost,2026-03-02T12:00:00
MOH-505,,Discovery,2025-12-08T14:15:00
MOH-505,Discovery,Qualification,2026-01-02T10:15:00
MOH-505,Qualification,Technical Evaluation,2026-02-14T17:15:00
MOH-505,Technical Evaluation,Business Case,2026-04-19T14:15:00
MOH-505,Business Case,Closed Lost,2026-04-28T16:45:00
MOH-506,,Discovery,2025-06-05T17:30:00
MOH-506,Discovery,Qualification,2025-06-16T14:00:00
MOH-506,Qualification,Closed Lost,2025-07-14T17:30:00
MOH-507,,Discovery,2025-09-29T10:30:00
MOH-507,Discovery,Qualification,2025-10-17T08:00:00
MOH-507,Qualification,Technical Evaluation,2025-11-13T10:30:00
MOH-507,Technical Evaluation,Business Case,2025-12-29T17:45:00
MOH-507,Business Case,Closed Lost,2026-02-21T10:30:00
MOH-508,,Discovery,2026-01-12T09:30:00
MOH-508,Discovery,Qualification,2026-01-21T12:45:00
MOH-508,Negotiation,Closed Lost,2026-01-30T17:30:00
MOH-508,Business Case,Negotiation,2026-01-31T08:45:00
MOH-508,Technical Evaluation,Business Case,2026-02-01T14:15:00
MOH-508,Qualification,Technical Evaluation,2026-02-03T15:00:00
MOH-509,,Discovery,2025-12-24T11:45:00
MOH-509,Discovery,Qualification,2026-01-09T14:30:00
MOH-509,Qualification,Technical Evaluation,2026-02-09T09:00:00
MOH-509,Technical Evaluation,Business Case,2026-03-25T10:30:00
MOH-509,Business Case,Negotiation,2026-04-26T12:45:00
MOH-509,Negotiation,Closed Lost,2026-04-26T16:30:00
MOH-510,,Discovery,2025-06-05T15:30:00
MOH-510,Discovery,Qualification,2025-06-23T14:30:00
MOH-510,Qualification,Technical Evaluation,2025-07-22T14:15:00
MOH-510,Technical Evaluation,Business Case,2025-08-27T09:45:00
MOH-510,Business Case,Closed Lost,2025-10-21T13:45:00
MOH-511,,Discovery,2025-12-19T14:00:00
MOH-511,Discovery,Qualification,2026-01-10T14:15:00
MOH-511,Qualification,Technical Evaluation,2026-02-03T14:15:00
MOH-511,Technical Evaluation,Closed Lost,2026-03-17T12:45:00
MOH-512,,Discovery,2025-11-06T13:15:00
MOH-512,Discovery,Qualification,2025-11-19T09:45:00
MOH-512,Qualification,Technical Evaluation,2025-12-19T09:15:00
MOH-512,Technical Evaluation,Closed Lost,2026-01-11T10:00:00
MOH-513,,Discovery,2025-06-26T14:30:00
MOH-513,Discovery,Qualification,2025-07-16T14:15:00
MOH-513,Qualification,Closed Lost,2025-08-23T09:45:00
MOH-514,,Discovery,2026-01-09T14:15:00
MOH-514,Discovery,Technical Evaluation,2026-02-03T14:00:00
MOH-514,Technical Evaluation,Business Case,2026-03-05T11:15:00
MOH-514,Business Case,Closed Lost,2026-04-27T12:30:00
MOH-515,,Discovery,2026-01-14T15:15:00
MOH-515,Discovery,Qualification,2026-01-26T14:45:00
MOH-515,Qualification,Technical Evaluation,2026-01-29T08:00:00
MOH-515,Technical Evaluation,Negotiation,2026-01-31T12:00:00
MOH-515,Negotiation,Closed Lost,2026-01-31T13:45:00
MOH-516,,Discovery,2025-09-10T13:00:00
MOH-516,Discovery,Qualification,2025-09-26T10:30:00
MOH-516,Qualification,Technical Evaluation,2025-11-04T17:00:00
MOH-516,Technical Evaluation,Business Case,2025-12-16T08:15:00
MOH-516,Business Case,Negotiation,2026-01-29T12:00:00
MOH-516,Negotiation,Closed Lost,2026-03-08T17:00:00
MOH-517,,Discovery,2025-10-31T12:30:00
MOH-517,Discovery,Qualification,2025-11-21T08:00:00
MOH-517,Qualification,Technical Evaluation,2025-12-15T12:15:00
MOH-517,Technical Evaluation,Business Case,2026-01-29T13:45:00
MOH-517,Business Case,Negotiation,2026-02-07T11:15:00
MOH-517,Negotiation,Closed Lost,2026-02-08T09:30:00
MOH-518,,Discovery,2025-07-09T13:00:00
MOH-518,Discovery,Qualification,2025-07-19T09:15:00
MOH-518,Qualification,Technical Evaluation,2025-08-18T11:45:00
MOH-518,Technical Evaluation,Business Case,2025-09-24T17:15:00
MOH-518,Business Case,Negotiation,2025-10-24T15:00:00
MOH-518,Negotiation,Closed Lost,2025-12-02T13:15:00
MOH-519,,Discovery,2025-11-20T10:45:00
MOH-519,Discovery,Qualification,2025-12-06T09:30:00
MOH-519,Qualification,Technical Evaluation,2026-01-11T17:45:00
MOH-519,Technical Evaluation,Closed Lost,2026-02-11T17:45:00
MOH-520,,Discovery,2026-02-02T10:45:00
MOH-520,Discovery,Qualification,2026-02-14T08:30:00
MOH-520,Qualification,Technical Evaluation,2026-03-04T15:15:00
MOH-520,Technical Evaluation,Business Case,2026-03-28T08:45:00
MOH-520,Business Case,Negotiation,2026-04-13T11:30:00
MOH-520,Negotiation,Closed Lost,2026-04-16T11:45:00
MOH-521,,Discovery,2025-11-19T10:30:00
MOH-521,Discovery,Qualification,2025-12-03T09:00:00
MOH-521,Qualification,Closed Lost,2026-01-07T08:00:00
MOH-522,,Discovery,2025-06-03T09:15:00
MOH-522,Discovery,Qualification,2025-06-14T15:00:00
MOH-522,Qualification,Technical Evaluation,2025-07-16T09:45:00
MOH-522,Technical Evaluation,Closed Lost,2025-08-30T09:15:00
MOH-523,,Discovery,2025-07-01T15:45:00
MOH-523,Discovery,Qualification,2025-07-15T17:15:00
MOH-523,Qualification,Technical Evaluation,2025-08-11T17:15:00
MOH-523,Technical Evaluation,Business Case,2025-09-07T09:00:00
MOH-523,Business Case,Negotiation,2025-10-22T13:45:00
MOH-523,Negotiation,Closed Lost,2025-11-17T13:45:00
MOH-524,,Discovery,2025-06-23T16:30:00
MOH-524,Discovery,Qualification,2025-07-10T11:30:00
MOH-524,Qualification,Closed Lost,2025-08-15T10:00:00
MOH-525,,Discovery,2026-01-23T09:30:00
MOH-525,Discovery,Qualification,2026-02-02T17:30:00
MOH-525,Qualification,Business Case,2026-02-27T17:30:00
MOH-525,Business Case,Closed Lost,2026-03-30T13:00:00
MOH-526,,Discovery,2025-09-12T11:00:00
MOH-526,Discovery,Technical Evaluation,2025-09-28T14:00:00
MOH-526,Technical Evaluation,Closed Lost,2025-11-01T08:15:00
MOH-527,,Discovery,2025-10-10T17:45:00
MOH-527,Discovery,Qualification,2025-10-18T16:00:00
MOH-527,Qualification,Closed Lost,2025-11-10T14:30:00
MOH-528,,Discovery,2026-02-26T10:15:00
MOH-528,Discovery,Qualification,2026-03-17T09:00:00
MOH-528,Technical Evaluation,Business Case,2026-04-28T12:45:00
MOH-528,Qualification,Technical Evaluation,2026-04-29T17:15:00
MOH-528,Negotiation,Closed Lost,2026-04-30T12:30:00
MOH-528,Business Case,Negotiation,2026-04-30T13:15:00
MOH-529,,Discovery,2025-06-05T13:00:00
MOH-529,Discovery,Qualification,2025-06-18T15:30:00
MOH-529,Qualification,Technical Evaluation,2025-08-07T12:45:00
MOH-529,Technical Evaluation,Business Case,2025-09-21T12:00:00
MOH-529,Business Case,Negotiation,2025-12-18T15:15:00
MOH-529,Negotiation,Closed Lost,2026-02-27T11:30:00
MOH-530,,Discovery,2025-11-03T13:30:00
MOH-530,Discovery,Qualification,2025-11-17T09:00:00
MOH-530,Qualification,Technical Evaluation,2025-12-10T12:45:00
MOH-530,Technical Evaluation,Business Case,2026-01-17T13:00:00
MOH-530,Business Case,Closed Lost,2026-03-15T14:15:00
MOH-531,,Discovery,2025-12-09T09:00:00
MOH-531,Discovery,Qualification,2026-01-06T12:15:00
MOH-531,Qualification,Technical Evaluation,2026-02-05T11:30:00
MOH-531,Technical Evaluation,Business Case,2026-02-10T15:15:00
MOH-531,Business Case,Closed Lost,2026-02-12T14:30:00
MOH-532,,Discovery,2025-11-13T11:30:00
MOH-532,Discovery,Technical Evaluation,2025-11-30T17:15:00
MOH-532,Technical Evaluation,Business Case,2025-12-29T09:15:00
MOH-532,Business Case,Negotiation,2026-02-24T16:00:00
MOH-532,Negotiation,Closed Lost,2026-04-08T14:15:00
MOH-533,,Discovery,2025-12-23T13:45:00
MOH-533,Discovery,Qualification,2026-01-05T11:15:00
MOH-533,Qualification,Technical Evaluation,2026-01-27T13:15:00
MOH-533,Technical Evaluation,Business Case,2026-02-13T09:00:00
MOH-533,Business Case,Closed Lost,2026-02-17T10:15:00
MOH-534,,Discovery,2025-08-14T16:30:00
MOH-534,Discovery,Qualification,2025-08-29T11:15:00
MOH-534,Qualification,Technical Evaluation,2025-09-14T13:00:00
MOH-534,Technical Evaluation,Business Case,2025-10-07T08:15:00
MOH-534,Business Case,Closed Lost,2025-11-26T17:30:00
MOH-535,,Discovery,2025-11-17T13:30:00
MOH-535,Discovery,Qualification,2025-12-10T08:15:00
MOH-535,Qualification,Technical Evaluation,2026-01-05T14:15:00
MOH-535,Technical Evaluation,Closed Lost,2026-02-11T08:30:00
MOH-536,,Discovery,2025-12-18T11:30:00
MOH-536,Discovery,Qualification,2026-01-08T13:45:00
MOH-536,Qualification,Closed Lost,2026-02-08T17:00:00
MOH-537,,Discovery,2025-11-18T13:15:00
MOH-537,Discovery,Qualification,2025-11-28T15:45:00
MOH-537,Qualification,Technical Evaluation,2025-12-30T15:15:00
MOH-537,Technical Evaluation,Business Case,2026-02-10T11:45:00
MOH-537,Business Case,Negotiation,2026-03-28T17:15:00
MOH-537,Negotiation,Closed Lost,2026-04-28T16:30:00
MOH-538,,Discovery,2025-06-26T16:15:00
MOH-538,Discovery,Qualification,2025-07-07T15:15:00
MOH-538,Qualification,Closed Lost,2025-07-26T13:45:00
MOH-539,,Discovery,2025-07-21T13:30:00
MOH-539,Discovery,Qualification,2025-08-10T08:45:00
MOH-539,Qualification,Technical Evaluation,2025-09-23T12:00:00
MOH-539,Technical Evaluation,Closed Lost,2025-11-22T17:00:00
MOH-540,,Discovery,2025-11-26T16:30:00
MOH-540,Discovery,Qualification,2025-12-06T08:45:00
MOH-540,Qualification,Technical Evaluation,2025-12-31T17:15:00
MOH-540,Technical Evaluation,Closed Lost,2026-02-20T17:45:00
MOH-541,,Discovery,2025-09-17T08:30:00
MOH-541,Discovery,Qualification,2025-10-02T14:30:00
MOH-541,Qualification,Technical Evaluation,2025-11-17T09:45:00
MOH-541,Technical Evaluation,Negotiation,2025-12-19T16:45:00
MOH-541,Negotiation,Closed Lost,2026-02-15T08:00:00
MOH-542,,Discovery,2025-10-30T11:15:00
MOH-542,Discovery,Technical Evaluation,2025-11-10T12:15:00
MOH-542,Technical Evaluation,Closed Lost,2025-12-10T17:30:00
MOH-543,,Discovery,2025-11-19T10:00:00
MOH-543,Discovery,Qualification,2025-12-04T12:45:00
MOH-543,Qualification,Technical Evaluation,2025-12-25T15:30:00
MOH-543,Technical Evaluation,Business Case,2026-01-31T17:45:00
MOH-543,Business Case,Negotiation,2026-03-24T16:30:00
MOH-543,Negotiation,Closed Lost,2026-04-28T16:15:00
MOH-544,,Discovery,2025-10-24T13:45:00
MOH-544,Discovery,Qualification,2025-11-11T16:45:00
MOH-544,Qualification,Closed Lost,2025-12-18T09:30:00
MOH-545,,Discovery,2025-07-11T16:30:00
MOH-545,Discovery,Qualification,2025-07-24T11:30:00
MOH-545,Qualification,Business Case,2025-08-22T13:15:00
MOH-545,Business Case,Closed Lost,2025-10-26T15:00:00
MOH-546,,Discovery,2025-07-01T10:45:00
MOH-546,Discovery,Qualification,2025-07-21T17:15:00
MOH-546,Qualification,Technical Evaluation,2025-08-19T12:00:00
MOH-546,Technical Evaluation,Business Case,2025-10-05T11:15:00
MOH-546,Business Case,Closed Lost,2025-12-28T15:00:00
MOH-547,,Discovery,2025-12-23T10:15:00
MOH-547,Discovery,Qualification,2026-01-07T08:15:00
MOH-547,Qualification,Technical Evaluation,2026-02-15T16:30:00
MOH-547,Technical Evaluation,Business Case,2026-03-26T17:00:00
MOH-547,Business Case,Closed Lost,2026-04-30T08:00:00
MOH-548,,Discovery,2026-01-27T09:15:00
MOH-548,Discovery,Qualification,2026-02-18T09:15:00
MOH-548,Qualification,Technical Evaluation,2026-03-12T15:45:00
MOH-548,Technical Evaluation,Closed Lost,2026-04-09T08:00:00
MOH-549,,Discovery,2026-01-30T14:15:00
MOH-549,Discovery,Qualification,2026-02-14T09:15:00
MOH-549,Qualification,Closed Lost,2026-03-01T12:30:00
MOH-550,,Discovery,2025-07-25T11:15:00
MOH-550,Discovery,Qualification,2025-08-05T09:30:00
MOH-550,Qualification,Technical Evaluation,2025-09-07T12:30:00
MOH-550,Technical Evaluation,Business Case,2025-10-05T14:00:00
MOH-550,Business Case,Closed Lost,2025-11-15T17:00:00
MOH-551,,Discovery,2025-10-29T12:45:00
MOH-551,Discovery,Qualification,2025-11-24T14:00:00
MOH-551,Qualification,Technical Evaluation,2025-12-29T14:15:00
MOH-551,Technical Evaluation,Business Case,2026-02-23T09:00:00
MOH-551,Business Case,Negotiation,2026-02-23T16:30:00
MOH-551,Negotiation,Closed Lost,2026-02-25T11:45:00
MOH-552,,Discovery,2025-08-04T11:00:00
MOH-552,Discovery,Qualification,2025-08-24T16:30:00
MOH-552,Qualification,Business Case,2025-10-01T10:30:00
MOH-552,Business Case,Closed Lost,2025-11-16T11:00:00
MOH-553,,Discovery,2026-03-17T11:15:00
MOH-553,Discovery,Qualification,2026-04-02T15:30:00
MOH-553,Qualification,Technical Evaluation,2026-04-11T12:30:00
MOH-553,Technical Evaluation,Closed Lost,2026-04-14T09:45:00
MOH-554,,Discovery,2025-07-15T12:45:00
MOH-554,Discovery,Qualification,2025-08-02T12:00:00
MOH-554,Qualification,Closed Lost,2025-08-23T16:45:00
MOH-555,,Discovery,2026-02-25T12:00:00
MOH-555,Discovery,Qualification,2026-03-19T09:15:00
MOH-555,Qualification,Technical Evaluation,2026-04-20T10:30:00
MOH-555,Technical Evaluation,Business Case,2026-04-26T17:00:00
MOH-555,Negotiation,Closed Lost,2026-04-28T17:45:00
MOH-555,Business Case,Negotiation,2026-04-29T17:30:00
MOH-556,,Discovery,2025-12-26T08:45:00
MOH-556,Discovery,Qualification,2026-01-07T11:45:00
MOH-556,Qualification,Closed Lost,2026-02-11T16:15:00
MOH-557,,Discovery,2025-07-23T17:30:00
MOH-557,Discovery,Technical Evaluation,2025-08-08T16:45:00
MOH-557,Technical Evaluation,Closed Lost,2025-09-04T08:15:00
MOH-558,,Discovery,2026-01-14T17:30:00
MOH-558,Discovery,Qualification,2026-01-24T13:45:00
MOH-558,Qualification,Technical Evaluation,2026-02-16T14:15:00
MOH-558,Technical Evaluation,Closed Lost,2026-03-19T17:30:00
MOH-559,,Discovery,2025-09-12T15:30:00
MOH-559,Discovery,Qualification,2025-09-30T11:00:00
MOH-559,Qualification,Technical Evaluation,2025-11-04T09:30:00
MOH-559,Technical Evaluation,Business Case,2025-11-30T09:45:00
MOH-559,Business Case,Closed Lost,2026-01-16T15:15:00
MOH-560,,Discovery,2025-09-09T15:00:00
MOH-560,Discovery,Qualification,2025-09-24T12:00:00
MOH-560,Qualification,Technical Evaluation,2025-10-24T17:00:00
MOH-560,Technical Evaluation,Closed Lost,2025-12-05T16:15:00
MOH-561,,Discovery,2026-01-20T15:45:00
MOH-561,Discovery,Qualification,2026-01-31T14:15:00
MOH-561,Qualification,Technical Evaluation,2026-03-13T13:00:00
MOH-561,Technical Evaluation,Business Case,2026-04-06T09:00:00
MOH-561,Business Case,Negotiation,2026-04-23T13:00:00
MOH-561,Negotiation,Closed Lost,2026-04-26T13:30:00
MOH-562,,Discovery,2025-08-26T12:45:00
MOH-562,Discovery,Qualification,2025-09-22T11:15:00
MOH-562,Qualification,Technical Evaluation,2025-10-15T08:15:00
MOH-562,Technical Evaluation,Business Case,2025-12-14T17:00:00
MOH-562,Business Case,Closed Lost,2026-01-31T17:15:00
MOH-563,,Discovery,2025-06-16T10:00:00
MOH-563,Discovery,Qualification,2025-06-26T09:45:00
MOH-563,Qualification,Closed Lost,2025-08-05T12:30:00
MOH-564,,Discovery,2025-10-03T15:30:00
MOH-564,Discovery,Qualification,2025-10-23T12:00:00
MOH-564,Qualification,Closed Lost,2025-11-21T17:00:00
MOH-565,,Discovery,2025-12-09T11:15:00
MOH-565,Discovery,Qualification,2025-12-29T11:00:00
MOH-565,Qualification,Technical Evaluation,2026-02-04T17:30:00
MOH-565,Technical Evaluation,Business Case,2026-02-06T16:45:00
MOH-565,Negotiation,Closed Lost,2026-02-07T13:30:00
MOH-565,Business Case,Negotiation,2026-02-08T10:15:00
MOH-566,,Discovery,2025-11-12T09:45:00
MOH-566,Discovery,Qualification,2025-11-29T09:00:00
MOH-566,Qualification,Technical Evaluation,2026-01-08T14:45:00
MOH-566,Technical Evaluation,Closed Lost,2026-02-08T15:45:00
MOH-567,,Discovery,2026-01-02T14:15:00
MOH-567,Discovery,Qualification,2026-01-15T08:15:00
MOH-567,Qualification,Closed Lost,2026-02-02T09:15:00
MOH-568,,Discovery,2025-11-19T08:45:00
MOH-568,Discovery,Qualification,2025-12-10T13:00:00
MOH-568,Qualification,Closed Lost,2026-01-01T08:30:00
MOH-569,,Discovery,2025-08-18T13:15:00
MOH-569,Discovery,Qualification,2025-09-04T13:45:00
MOH-569,Qualification,Technical Evaluation,2025-10-14T11:45:00
MOH-569,Technical Evaluation,Business Case,2025-11-17T16:45:00
MOH-569,Business Case,Closed Lost,2026-01-01T15:15:00
MOH-570,,Discovery,2025-12-25T12:15:00
MOH-570,Discovery,Qualification,2026-01-10T13:15:00
MOH-570,Qualification,Technical Evaluation,2026-03-01T17:15:00
MOH-570,Business Case,Closed Lost,2026-03-14T14:15:00
MOH-570,Technical Evaluation,Business Case,2026-03-17T17:30:00
MOH-571,,Discovery,2026-02-05T14:00:00
MOH-571,Discovery,Qualification,2026-02-15T17:15:00
MOH-571,Qualification,Technical Evaluation,2026-03-08T13:30:00
MOH-571,Technical Evaluation,Closed Lost,2026-04-17T08:15:00
MOH-572,,Discovery,2026-01-16T17:15:00
MOH-572,Discovery,Qualification,2026-02-04T10:00:00
MOH-572,Qualification,Technical Evaluation,2026-03-08T16:15:00
MOH-572,Technical Evaluation,Business Case,2026-04-19T15:45:00
MOH-572,Negotiation,Closed Lost,2026-04-28T11:15:00
MOH-572,Business Case,Negotiation,2026-04-29T11:15:00
MOH-573,,Discovery,2025-06-30T13:15:00
MOH-573,Discovery,Qualification,2025-07-14T14:45:00
MOH-573,Qualification,Technical Evaluation,2025-08-06T14:45:00
MOH-573,Technical Evaluation,Closed Lost,2025-09-09T10:00:00
MOH-574,,Discovery,2025-08-21T12:30:00
MOH-574,Discovery,Qualification,2025-09-04T12:15:00
MOH-574,Qualification,Closed Lost,2025-09-29T10:30:00
MOH-575,,Discovery,2025-12-22T14:45:00
MOH-575,Discovery,Qualification,2026-01-17T14:45:00
MOH-575,Qualification,Business Case,2026-02-18T10:45:00
MOH-575,Business Case,Closed Lost,2026-03-10T11:45:00
MOH-576,,Discovery,2025-09-09T17:30:00
MOH-576,Discovery,Qualification,2025-09-23T12:45:00
MOH-576,Qualification,Technical Evaluation,2025-10-10T12:45:00
MOH-576,Technical Evaluation,Closed Lost,2025-11-06T14:30:00
MOH-577,,Discovery,2025-11-12T12:00:00
MOH-577,Discovery,Qualification,2025-12-08T14:45:00
MOH-577,Qualification,Technical Evaluation,2026-01-06T12:45:00
MOH-577,Technical Evaluation,Business Case,2026-03-11T14:00:00
MOH-577,Business Case,Negotiation,2026-03-13T10:15:00
MOH-577,Negotiation,Closed Lost,2026-03-14T16:00:00
MOH-578,,Discovery,2025-07-10T09:30:00
MOH-578,Discovery,Qualification,2025-07-26T09:15:00
MOH-578,Qualification,Closed Lost,2025-08-14T11:30:00
MOH-579,,Discovery,2025-06-30T12:00:00
MOH-579,Discovery,Qualification,2025-07-11T13:00:00
MOH-579,Qualification,Technical Evaluation,2025-08-08T12:45:00
MOH-579,Technical Evaluation,Business Case,2025-09-22T09:45:00
MOH-579,Business Case,Closed Lost,2025-11-12T15:45:00
MOH-580,,Discovery,2025-07-29T13:00:00
MOH-580,Discovery,Qualification,2025-08-17T09:15:00
MOH-580,Qualification,Technical Evaluation,2025-09-22T16:45:00
MOH-580,Technical Evaluation,Business Case,2025-10-25T15:45:00
MOH-580,Business Case,Negotiation,2025-12-07T13:30:00
MOH-580,Negotiation,Closed Lost,2026-02-02T11:15:00
MOH-581,,Discovery,2025-09-01T08:15:00
MOH-581,Discovery,Qualification,2025-09-29T13:15:00
MOH-581,Qualification,Technical Evaluation,2025-10-29T15:15:00
MOH-581,Technical Evaluation,Closed Lost,2025-12-05T15:00:00
MOH-582,,Discovery,2026-03-11T08:00:00
MOH-582,Discovery,Qualification,2026-03-27T13:00:00
MOH-582,Business Case,Closed Lost,2026-03-28T09:00:00
MOH-582,Qualification,Business Case,2026-03-29T14:45:00
MOH-583,,Discovery,2025-09-22T11:00:00
MOH-583,Discovery,Qualification,2025-10-08T11:45:00
MOH-583,Qualification,Technical Evaluation,2025-11-07T09:30:00
MOH-583,Technical Evaluation,Closed Lost,2025-11-30T15:30:00
MOH-584,,Discovery,2025-08-04T14:45:00
MOH-584,Discovery,Qualification,2025-08-22T11:00:00
MOH-584,Qualification,Technical Evaluation,2025-09-27T12:45:00
MOH-584,Technical Evaluation,Closed Lost,2025-11-04T14:15:00
MOH-585,,Discovery,2025-09-30T15:45:00
MOH-585,Discovery,Qualification,2025-10-12T16:45:00
MOH-585,Qualification,Closed Lost,2025-11-04T14:45:00
MOH-586,,Discovery,2025-08-26T12:30:00
MOH-586,Discovery,Qualification,2025-09-05T11:00:00
MOH-586,Qualification,Closed Lost,2025-10-05T16:00:00
MOH-587,,Discovery,2025-11-26T16:15:00
MOH-587,Discovery,Qualification,2025-12-21T15:45:00
MOH-587,Qualification,Closed Lost,2026-01-26T09:00:00
MOH-588,,Discovery,2025-10-30T14:15:00
MOH-588,Discovery,Qualification,2025-11-18T15:00:00
MOH-588,Qualification,Technical Evaluation,2025-12-23T09:15:00
MOH-588,Technical Evaluation,Closed Lost,2026-02-15T13:00:00
MOH-589,,Discovery,2025-07-02T17:00:00
MOH-589,Discovery,Qualification,2025-08-01T08:30:00
MOH-589,Qualification,Closed Lost,2025-09-17T09:00:00
MOH-590,,Discovery,2025-07-07T10:00:00
MOH-590,Discovery,Qualification,2025-07-24T08:45:00
MOH-590,Qualification,Business Case,2025-08-12T16:30:00
MOH-590,Business Case,Closed Lost,2025-09-13T16:45:00
MOH-591,,Discovery,2025-06-03T10:00:00
MOH-591,Discovery,Qualification,2025-06-13T15:45:00
MOH-591,Qualification,Closed Lost,2025-07-08T16:00:00
MOH-592,,Discovery,2026-01-06T12:00:00
MOH-592,Discovery,Qualification,2026-01-19T16:45:00
MOH-592,Qualification,Technical Evaluation,2026-02-18T16:00:00
MOH-592,Technical Evaluation,Business Case,2026-03-27T10:30:00
MOH-592,Business Case,Closed Lost,2026-03-28T10:45:00
MOH-593,,Discovery,2025-09-22T15:30:00
MOH-593,Discovery,Qualification,2025-10-08T14:00:00
MOH-593,Qualification,Closed Lost,2025-11-13T08:15:00
MOH-594,,Discovery,2025-10-23T14:45:00
MOH-594,Discovery,Qualification,2025-11-03T13:00:00
MOH-594,Qualification,Technical Evaluation,2025-12-01T14:00:00
MOH-594,Technical Evaluation,Business Case,2025-12-30T09:45:00
MOH-594,Business Case,Closed Lost,2026-02-08T14:45:00
MOH-595,,Discovery,2025-07-09T16:30:00
MOH-595,Discovery,Qualification,2025-07-27T13:45:00
MOH-595,Qualification,Technical Evaluation,2025-08-13T14:15:00
MOH-595,Technical Evaluation,Closed Lost,2025-09-26T17:15:00
MOH-596,,Discovery,2025-08-08T17:00:00
MOH-596,Discovery,Qualification,2025-08-24T11:45:00
MOH-596,Qualification,Technical Evaluation,2025-09-21T13:00:00
MOH-596,Technical Evaluation,Business Case,2025-11-19T11:30:00
MOH-596,Business Case,Negotiation,2026-02-06T13:45:00
MOH-596,Negotiation,Closed Lost,2026-02-18T11:30:00
MOH-597,,Discovery,2025-09-23T13:15:00
MOH-597,Discovery,Qualification,2025-10-06T11:15:00
MOH-597,Qualification,Technical Evaluation,2025-10-20T09:45:00
MOH-597,Technical Evaluation,Closed Lost,2025-11-30T16:45:00
MOH-598,,Discovery,2026-01-21T09:30:00
MOH-598,Discovery,Qualification,2026-02-10T13:45:00
MOH-598,Qualification,Technical Evaluation,2026-03-14T12:45:00
MOH-598,Technical Evaluation,Closed Lost,2026-04-12T14:45:00
MOH-599,,Discovery,2026-02-16T10:30:00
MOH-599,Technical Evaluation,Closed Lost,2026-02-28T13:30:00
MOH-599,Qualification,Technical Evaluation,2026-03-01T17:45:00
MOH-599,Discovery,Qualification,2026-03-02T16:30:00
MOH-600,,Discovery,2025-10-08T13:00:00
MOH-600,Discovery,Qualification,2025-10-22T14:30:00
MOH-600,Qualification,Technical Evaluation,2025-11-26T16:15:00
MOH-600,Technical Evaluation,Business Case,2026-01-29T08:45:00
MOH-600,Business Case,Negotiation,2026-02-09T16:00:00
MOH-600,Negotiation,Closed Lost,2026-02-11T14:15:00
